ID_participant,animal,tail,covered,cog_load,first_procedure,att_resp.corr.high,att_resp.rt.high,att_resp.corr.medium,att_resp.rt.medium,att_resp.corr.low,att_resp.rt.low,gender,age,vosi_object,vosi_spatial,exp_model,exp_photo,exp_math,exp_experiment
1,Bear,Short,Left,0,ATT,1,0.8409552,1,1.4144167,1,1.8823818,f,18,59,47,1,4,1,0
1,Camel,Short,Right,0,ATT,1,3.9323493,1,2.8155584,1,1.4464844,f,18,59,47,1,4,1,0
1,Chameleon,Long,Right,0,ATT,1,1.4726288,1,1.2482933,1,2.2449027,f,18,59,47,1,4,1,0
1,Crow,Long,Left,0,ATT,0,1.4472492,0,2.2034621,0,1.1410099,f,18,59,47,1,4,1,0
1,Deer,Short,Left,0,ATT,1,0.7483132,1,1.1826182,1,0.5639981,f,18,59,47,1,4,1,0
1,Elephant,Short,Right,0,ATT,0,1.1037292,0,2.0038374,0,2.2307252,f,18,59,47,1,4,1,0
1,Gazelle,Short,Right,0,ATT,1,2.0492445,1,1.5856361,1,1.8888897,f,18,59,47,1,4,1,0
1,Goat,Short,Left,0,ATT,0,4.0580422,1,2.9545818,1,4.7297957,f,18,59,47,1,4,1,0
1,Hippo,Short,Left,0,ATT,1,1.4898103,1,0.7185396,1,1.6659925,f,18,59,47,1,4,1,0
1,Horse,Long,Right,0,ATT,1,3.8168721,1,1.1236226,1,3.3546744,f,18,59,47,1,4,1,0
1,Jaguar,Long,Left,0,ATT,1,0.9102072,1,2.582522,1,1.483639,f,18,59,47,1,4,1,0
1,Kangaroo,Long,Left,0,ATT,1,2.6344091,1,1.3481645,0,1.0395369,f,18,59,47,1,4,1,0
1,Lamb,Short,Right,0,ATT,1,1.1390777,1,0.6172754,1,2.3316069,f,18,59,47,1,4,1,0
1,Mole,Short,Right,0,ATT,1,1.2306793,1,1.9558284,1,2.132658,f,18,59,47,1,4,1,0
1,Monkey,Long,Left,0,ATT,1,1.3238527,1,0.8360972,1,0.764441,f,18,59,47,1,4,1,0
1,Pig,Short,Right,0,ATT,1,2.2029127,1,0.7591717,1,1.0333774,f,18,59,47,1,4,1,0
1,Rhino,Short,Left,0,ATT,1,1.2604898,1,0.8549905,1,0.8323738,f,18,59,47,1,4,1,0
1,Sheep,Short,Right,0,ATT,1,1.496516,1,2.25484,0,4.249385,f,18,59,47,1,4,1,0
1,Tiger,Long,Right,0,ATT,1,1.1147223,1,0.7918287,1,3.7181172,f,18,59,47,1,4,1,0
1,Wolf,Long,Right,0,ATT,0,1.4185316,1,0.8235769,1,3.7975587,f,18,59,47,1,4,1,0
2,Bear,Short,Left,0,ATT,1,0.6400706,1,2.6654125,1,1.3285158,f,20,68,43,4,5,7,0
2,Chameleon,Long,Right,0,ATT,1,2.396826,1,0.8092988,1,0.7252579,f,20,68,43,4,5,7,0
2,Crow,Long,Left,0,ATT,1,0.6796918,1,1.9955389,1,1.1098687,f,20,68,43,4,5,7,0
2,Deer,Short,Left,0,ATT,1,2.2596538,1,0.6352944,1,0.913466,f,20,68,43,4,5,7,0
2,Elephant,Short,Right,0,ATT,0,1.7599753,0,0.7335,1,1.157099,f,20,68,43,4,5,7,0
2,Fox,Long,Right,0,ATT,1,1.1905793,1,1.596637,1,0.7986239,f,20,68,43,4,5,7,0
2,Gazelle,Short,Right,0,ATT,1,0.774252,1,1.3283753,1,4.4120551,f,20,68,43,4,5,7,0
2,Goat,Short,Left,0,ATT,1,2.1431546,1,1.0753582,1,1.0999035,f,20,68,43,4,5,7,0
2,Hippo,Short,Left,0,ATT,1,1.1122299,1,1.0011435,1,2.1648381,f,20,68,43,4,5,7,0
2,Jaguar,Long,Left,0,ATT,1,0.8826829,1,0.700955,1,2.603104,f,20,68,43,4,5,7,0
2,Kangaroo,Long,Left,0,ATT,1,1.8607662,1,2.400775,1,1.0945289,f,20,68,43,4,5,7,0
2,Lamb,Short,Right,0,ATT,1,0.9907679,1,1.4157052,1,2.0105522,f,20,68,43,4,5,7,0
2,Lion,Long,Right,0,ATT,1,2.3770232,1,0.757815,0,2.0648893,f,20,68,43,4,5,7,0
2,Panda,Short,Left,0,ATT,1,0.8052179,1,0.8435172,1,0.9485787,f,20,68,43,4,5,7,0
2,Pig,Short,Right,0,ATT,1,1.5330425,1,1.2196727,1,0.5941085,f,20,68,43,4,5,7,0
2,Rhino,Short,Left,0,ATT,1,1.0560178,1,0.9678825,1,0.7388652,f,20,68,43,4,5,7,0
2,Sheep,Short,Right,0,ATT,1,2.7572758,1,1.6416103,1,0.7991083,f,20,68,43,4,5,7,0
2,Tiger,Long,Right,0,ATT,1,0.9137132,1,1.8263071,1,1.6495528,f,20,68,43,4,5,7,0
2,Wolf,Long,Right,0,ATT,0,0.6057422,0,1.2205752,0,1.5448232,f,20,68,43,4,5,7,0
3,Bear,Short,Left,0,ATT,1,0.8211236,1,1.1848985,1,2.5792869,f,23,66,53,1,4,5,1
3,Camel,Short,Right,0,ATT,0,0.9964054,0,1.1487757,0,0.935301,f,23,66,53,1,4,5,1
3,Chameleon,Long,Right,0,ATT,1,0.8106639,1,0.7188282,1,1.0696124,f,23,66,53,1,4,5,1
3,Crow,Long,Left,0,ATT,1,0.7254762,1,1.1069264,1,0.685927,f,23,66,53,1,4,5,1
3,Deer,Short,Left,0,ATT,1,1.4145175,0,0.7376091,1,2.8014375,f,23,66,53,1,4,5,1
3,Elephant,Short,Right,0,ATT,0,0.6240784,0,0.9326175,0,3.7159989,f,23,66,53,1,4,5,1
3,Fox,Long,Right,0,ATT,1,0.8731065,1,0.8773707,1,1.0792176,f,23,66,53,1,4,5,1
3,Gazelle,Short,Right,0,ATT,1,0.9880037,1,2.1052679,0,1.0443851,f,23,66,53,1,4,5,1
3,Goat,Short,Left,0,ATT,1,0.9825714,1,1.8869343,0,2.159171,f,23,66,53,1,4,5,1
3,Hippo,Short,Left,0,ATT,1,1.4308858,1,1.0493666,1,1.3879316,f,23,66,53,1,4,5,1
3,Horse,Long,Right,0,ATT,1,0.7342278,1,1.0378917,1,1.7743125,f,23,66,53,1,4,5,1
3,Jaguar,Long,Left,0,ATT,1,0.8397766,1,0.957813,1,1.3912171,f,23,66,53,1,4,5,1
3,Kangaroo,Long,Left,0,ATT,1,0.7777072,1,1.0297175,1,1.0142027,f,23,66,53,1,4,5,1
3,Lamb,Short,Right,0,ATT,1,1.5013832,1,0.7868459,0,0.8572097,f,23,66,53,1,4,5,1
3,Lion,Long,Right,0,ATT,1,0.7247734,1,0.6942803,0,2.9660922,f,23,66,53,1,4,5,1
3,Mole,Short,Right,0,ATT,1,1.288532,1,1.0722761,1,0.7001967,f,23,66,53,1,4,5,1
3,Monkey,Long,Left,0,ATT,1,0.9888797,1,0.5265157,1,0.8816718,f,23,66,53,1,4,5,1
3,Panda,Short,Left,0,ATT,1,1.2563622,1,1.0710134,1,2.0820999,f,23,66,53,1,4,5,1
3,Pig,Short,Right,0,ATT,1,0.8967397,1,0.4826834,1,0.6145603,f,23,66,53,1,4,5,1
3,Rhino,Short,Left,0,ATT,1,1.0200179,0,0.7453453,0,1.1202227,f,23,66,53,1,4,5,1
3,Sheep,Short,Right,0,ATT,1,0.8448466,1,1.0966095,0,2.0961949,f,23,66,53,1,4,5,1
3,Tiger,Long,Right,0,ATT,1,0.7526739,1,2.8085654,1,1.1083261,f,23,66,53,1,4,5,1
3,Wolf,Long,Right,0,ATT,1,1.0143247,1,0.7501179,1,1.2377612,f,23,66,53,1,4,5,1
4,Bear,Short,Left,0,ATT,1,1.5284112,1,0.7208551,1,0.7910085,f,20,45,28,1,3,5,0
4,Camel,Short,Right,0,ATT,1,0.7072892,1,0.7611906,1,0.9524677,f,20,45,28,1,3,5,0
4,Chameleon,Long,Right,0,ATT,1,0.7203507,1,0.8515551,1,0.6868757,f,20,45,28,1,3,5,0
4,Crow,Long,Left,0,ATT,0,0.905376,0,1.3396474,0,1.9408469,f,20,45,28,1,3,5,0
4,Deer,Short,Left,0,ATT,1,0.826186,1,0.8964146,0,1.7518565,f,20,45,28,1,3,5,0
4,Elephant,Short,Right,0,ATT,1,0.9114678,1,0.7148365,0,1.2985623,f,20,45,28,1,3,5,0
4,Fox,Long,Right,0,ATT,1,1.1594995,1,0.6345255,1,0.6247651,f,20,45,28,1,3,5,0
4,Gazelle,Short,Right,0,ATT,1,0.9107301,1,0.8155431,1,0.7715996,f,20,45,28,1,3,5,0
4,Goat,Short,Left,0,ATT,0,0.8930685,1,1.2352848,0,1.2899195,f,20,45,28,1,3,5,0
4,Hippo,Short,Left,0,ATT,1,0.9969229,1,0.5487252,1,0.7455264,f,20,45,28,1,3,5,0
4,Horse,Long,Right,0,ATT,1,1.2268763,1,1.3814073,1,1.281922,f,20,45,28,1,3,5,0
4,Jaguar,Long,Left,0,ATT,1,0.5422669,1,0.798786,0,0.8660621,f,20,45,28,1,3,5,0
4,Kangaroo,Long,Left,0,ATT,1,0.7775254,1,0.656958,1,1.0144129,f,20,45,28,1,3,5,0
4,Lamb,Short,Right,0,ATT,1,0.6530523,1,1.0486062,1,0.8896322,f,20,45,28,1,3,5,0
4,Lion,Long,Right,0,ATT,1,1.4410692,1,0.7459739,1,0.8056725,f,20,45,28,1,3,5,0
4,Mole,Short,Right,0,ATT,1,2.0481198,0,0.8922829,0,2.0113539,f,20,45,28,1,3,5,0
4,Monkey,Long,Left,0,ATT,1,1.9348143,1,0.9471453,1,1.264156,f,20,45,28,1,3,5,0
4,Panda,Short,Left,0,ATT,1,0.9529593,1,0.7664444,1,0.9840685,f,20,45,28,1,3,5,0
4,Pig,Short,Right,0,ATT,1,0.6149941,1,1.6153582,1,0.5867739,f,20,45,28,1,3,5,0
4,Rhino,Short,Left,0,ATT,1,1.0482613,1,0.6560536,1,0.8821235,f,20,45,28,1,3,5,0
4,Sheep,Short,Right,0,ATT,0,0.7574327,1,1.0063698,1,2.5180618,f,20,45,28,1,3,5,0
4,Tiger,Long,Right,0,ATT,1,1.3605214,1,0.6700439,1,0.8327717,f,20,45,28,1,3,5,0
4,Wolf,Long,Right,0,ATT,1,0.7512183,0,0.5785762,1,1.129582,f,20,45,28,1,3,5,0
5,Bear,Short,Left,0,ATT,1,2.0642513,1,0.8057785,1,1.1359537,f,19,60,37,1,5,4,0
5,Camel,Short,Right,0,ATT,0,1.604974,1,0.8872157,0,1.5324458,f,19,60,37,1,5,4,0
5,Chameleon,Long,Right,0,ATT,1,0.7146116,1,1.5646273,1,1.1092356,f,19,60,37,1,5,4,0
5,Crow,Long,Left,0,ATT,1,1.0831089,0,2.2482541,1,1.1073374,f,19,60,37,1,5,4,0
5,Deer,Short,Left,0,ATT,0,1.0678852,1,1.1652636,1,2.2100252,f,19,60,37,1,5,4,0
5,Elephant,Short,Right,0,ATT,0,1.1190861,0,1.8009891,0,1.9445505,f,19,60,37,1,5,4,0
5,Fox,Long,Right,0,ATT,1,0.9036322,1,1.1100117,1,1.0957068,f,19,60,37,1,5,4,0
5,Gazelle,Short,Right,0,ATT,1,1.1108045,1,1.1795853,1,1.1337745,f,19,60,37,1,5,4,0
5,Goat,Short,Left,0,ATT,1,1.499035,1,1.2132695,0,0.8692841,f,19,60,37,1,5,4,0
5,Hippo,Short,Left,0,ATT,0,1.5837319,1,1.2108064,1,0.7844402,f,19,60,37,1,5,4,0
5,Horse,Long,Right,0,ATT,1,0.9960958,1,2.2353497,1,1.0599083,f,19,60,37,1,5,4,0
5,Jaguar,Long,Left,0,ATT,1,2.0373062,1,3.0544938,1,1.829109,f,19,60,37,1,5,4,0
5,Kangaroo,Long,Left,0,ATT,1,1.2827492,1,0.8500948,1,1.0823469,f,19,60,37,1,5,4,0
5,Lamb,Short,Right,0,ATT,1,1.4360003,1,1.7029757,0,1.1045112,f,19,60,37,1,5,4,0
5,Lion,Long,Right,0,ATT,1,1.0140064,1,0.7587426,0,2.0133705,f,19,60,37,1,5,4,0
5,Mole,Short,Right,0,ATT,1,4.2046396,1,0.9704476,1,0.8906314,f,19,60,37,1,5,4,0
5,Monkey,Long,Left,0,ATT,1,0.9253589,1,1.622287,1,1.0238465,f,19,60,37,1,5,4,0
5,Panda,Short,Left,0,ATT,1,0.9750724,1,0.7881166,1,0.8031648,f,19,60,37,1,5,4,0
5,Pig,Short,Right,0,ATT,1,0.747621,1,0.8313946,1,0.8471188,f,19,60,37,1,5,4,0
5,Rhino,Short,Left,0,ATT,1,1.1283719,1,1.0291503,1,1.0658455,f,19,60,37,1,5,4,0
5,Sheep,Short,Right,0,ATT,1,1.6668129,1,2.1154594,1,1.7820176,f,19,60,37,1,5,4,0
5,Tiger,Long,Right,0,ATT,1,0.7647526,1,0.4927009,1,2.0299612,f,19,60,37,1,5,4,0
5,Wolf,Long,Right,0,ATT,1,0.8982964,1,0.5986403,1,0.9793101,f,19,60,37,1,5,4,0
6,Bear,Short,Left,0,ATT,1,0.6278415,1,0.6529138,1,0.7135497,f,21,60,40,1,2,4,0
6,Camel,Short,Right,0,ATT,1,0.7773443,1,1.0442634,1,0.8056282,f,21,60,40,1,2,4,0
6,Chameleon,Long,Right,0,ATT,1,0.8171142,1,1.5357606,1,0.9525372,f,21,60,40,1,2,4,0
6,Deer,Short,Left,0,ATT,1,0.5741387,1,0.8802357,1,1.1782057,f,21,60,40,1,2,4,0
6,Elephant,Short,Right,0,ATT,1,0.8751982,1,0.9817954,1,0.8358331,f,21,60,40,1,2,4,0
6,Fox,Long,Right,0,ATT,0,1.7935255,1,1.3439651,1,0.6842299,f,21,60,40,1,2,4,0
6,Gazelle,Short,Right,0,ATT,1,0.6992361,1,0.8316733,1,0.7111623,f,21,60,40,1,2,4,0
6,Goat,Short,Left,0,ATT,1,1.085576,1,0.6241881,1,2.0908142,f,21,60,40,1,2,4,0
6,Hippo,Short,Left,0,ATT,1,0.5492514,1,1.8561504,1,0.5776763,f,21,60,40,1,2,4,0
6,Jaguar,Long,Left,0,ATT,1,1.309455,1,0.7059575,0,2.4500844,f,21,60,40,1,2,4,0
6,Kangaroo,Long,Left,0,ATT,1,1.1619283,1,0.6543295,1,0.923193,f,21,60,40,1,2,4,0
6,Lamb,Short,Right,0,ATT,1,0.9407846,1,0.6399559,1,0.9228452,f,21,60,40,1,2,4,0
6,Lion,Long,Right,0,ATT,0,1.1593808,0,2.2382821,1,1.1285316,f,21,60,40,1,2,4,0
6,Mole,Short,Right,0,ATT,1,1.5446397,1,0.9110532,1,1.0648772,f,21,60,40,1,2,4,0
6,Monkey,Long,Left,0,ATT,1,0.8085238,1,0.6570928,1,1.4213569,f,21,60,40,1,2,4,0
6,Panda,Short,Left,0,ATT,1,0.5519375,1,0.84162,1,0.6140818,f,21,60,40,1,2,4,0
6,Pig,Short,Right,0,ATT,1,0.8191889,1,0.6747916,1,0.5645644,f,21,60,40,1,2,4,0
6,Rhino,Short,Left,0,ATT,1,0.68447,1,0.7211099,1,0.7644434,f,21,60,40,1,2,4,0
6,Sheep,Short,Right,0,ATT,1,0.6075703,1,0.5278702,1,1.7295238,f,21,60,40,1,2,4,0
6,Tiger,Long,Right,0,ATT,1,1.6341999,1,0.8387018,0,0.5891762,f,21,60,40,1,2,4,0
6,Wolf,Long,Right,0,ATT,0,0.9391285,0,1.0969573,0,1.2072726,f,21,60,40,1,2,4,0
7,Bear,Short,Left,0,ATT,1,1.0753284,1,1.3562579,1,1.9711378,f,19,45,36,1,6,4,0
7,Camel,Short,Right,0,ATT,0,2.6602743,1,1.6168894,1,1.6598118,f,19,45,36,1,6,4,0
7,Chameleon,Long,Right,0,ATT,1,1.1603017,1,1.2340617,1,1.384517,f,19,45,36,1,6,4,0
7,Crow,Long,Left,0,ATT,1,1.5391209,1,0.8087375,1,3.0689954,f,19,45,36,1,6,4,0
7,Deer,Short,Left,0,ATT,1,1.398498,1,1.7242882,1,1.8404823,f,19,45,36,1,6,4,0
7,Elephant,Short,Right,0,ATT,1,1.9619853,1,2.1024979,1,3.0210625,f,19,45,36,1,6,4,0
7,Fox,Long,Right,0,ATT,1,1.0637171,1,1.5506379,1,1.0056494,f,19,45,36,1,6,4,0
7,Gazelle,Short,Right,0,ATT,1,4.0757626,1,3.5471576,1,1.3909333,f,19,45,36,1,6,4,0
7,Goat,Short,Left,0,ATT,1,1.7268713,1,0.99802,1,1.8170362,f,19,45,36,1,6,4,0
7,Hippo,Short,Left,0,ATT,1,1.7368197,1,1.1741534,1,1.1467096,f,19,45,36,1,6,4,0
7,Horse,Long,Right,0,ATT,1,0.9478893,1,1.1478669,1,1.2569366,f,19,45,36,1,6,4,0
7,Jaguar,Long,Left,0,ATT,1,1.2962221,1,1.3327876,1,1.2916635,f,19,45,36,1,6,4,0
7,Kangaroo,Long,Left,0,ATT,1,1.7560647,1,1.0073212,1,1.7674586,f,19,45,36,1,6,4,0
7,Lamb,Short,Right,0,ATT,1,2.6149545,1,1.5497956,1,1.6002947,f,19,45,36,1,6,4,0
7,Lion,Long,Right,0,ATT,1,0.8708013,1,0.8340746,1,3.3549066,f,19,45,36,1,6,4,0
7,Mole,Short,Right,0,ATT,1,1.6604538,1,0.7243039,1,1.0101629,f,19,45,36,1,6,4,0
7,Monkey,Long,Left,0,ATT,1,1.3784499,1,0.8990931,1,0.8397967,f,19,45,36,1,6,4,0
7,Panda,Short,Left,0,ATT,1,2.020249,1,0.9893785,1,1.0939507,f,19,45,36,1,6,4,0
7,Pig,Short,Right,0,ATT,1,0.7209777,1,0.7517345,1,0.6390024,f,19,45,36,1,6,4,0
7,Rhino,Short,Left,0,ATT,1,1.3406867,1,1.6024832,1,1.443976,f,19,45,36,1,6,4,0
7,Sheep,Short,Right,0,ATT,1,0.7312227,1,2.2747063,1,1.9703061,f,19,45,36,1,6,4,0
7,Tiger,Long,Right,0,ATT,1,0.9830451,1,0.7013074,1,1.242227,f,19,45,36,1,6,4,0
7,Wolf,Long,Right,0,ATT,0,1.2180797,0,1.3734558,0,1.291087,f,19,45,36,1,6,4,0
8,Bear,Short,Left,0,ATT,1,0.7233585,1,1.3864916,1,0.9926308,f,23,45,37,2,5,1,1
8,Camel,Short,Right,0,ATT,1,1.1337288,1,1.347856,1,0.8321739,f,23,45,37,2,5,1,1
8,Chameleon,Long,Right,0,ATT,1,0.9425063,1,0.9408636,1,1.1184794,f,23,45,37,2,5,1,1
8,Crow,Long,Left,0,ATT,1,0.9075088,1,3.5872295,1,1.2186918,f,23,45,37,2,5,1,1
8,Deer,Short,Left,0,ATT,1,1.9396414,1,2.1042661,1,1.4578887,f,23,45,37,2,5,1,1
8,Elephant,Short,Right,0,ATT,1,1.6841895,1,1.0592471,1,1.6443589,f,23,45,37,2,5,1,1
8,Fox,Long,Right,0,ATT,1,1.2511164,1,1.077109,0,1.3666943,f,23,45,37,2,5,1,1
8,Gazelle,Short,Right,0,ATT,1,0.9180661,1,0.5383397,1,2.6112087,f,23,45,37,2,5,1,1
8,Goat,Short,Left,0,ATT,1,1.046657,1,1.3814277,1,2.2646156,f,23,45,37,2,5,1,1
8,Hippo,Short,Left,0,ATT,1,1.3929638,1,1.9700179,1,1.874057,f,23,45,37,2,5,1,1
8,Horse,Long,Right,0,ATT,0,1.0262017,0,1.5121687,1,3.245184,f,23,45,37,2,5,1,1
8,Jaguar,Long,Left,0,ATT,0,0.8767754,0,2.7444665,0,1.0903854,f,23,45,37,2,5,1,1
8,Kangaroo,Long,Left,0,ATT,1,0.9226181,1,1.1881899,1,2.057399,f,23,45,37,2,5,1,1
8,Lamb,Short,Right,0,ATT,1,0.7152618,1,1.1495498,1,1.2785638,f,23,45,37,2,5,1,1
8,Lion,Long,Right,0,ATT,1,3.193305,1,1.003961,0,4.5481987,f,23,45,37,2,5,1,1
8,Mole,Short,Right,0,ATT,1,1.5772041,1,2.8017951,0,2.5574805,f,23,45,37,2,5,1,1
8,Panda,Short,Left,0,ATT,1,0.8470396,1,0.9197857,1,0.950236,f,23,45,37,2,5,1,1
8,Pig,Short,Right,0,ATT,1,1.2386868,1,1.0767633,1,1.1495638,f,23,45,37,2,5,1,1
8,Rhino,Short,Left,0,ATT,1,0.9824378,1,3.2503911,1,1.7075984,f,23,45,37,2,5,1,1
8,Sheep,Short,Right,0,ATT,1,1.4417277,1,0.9758928,1,1.8649015,f,23,45,37,2,5,1,1
8,Tiger,Long,Right,0,ATT,0,3.1095155,0,4.1645822,1,1.0708867,f,23,45,37,2,5,1,1
8,Wolf,Long,Right,0,ATT,1,0.9644933,1,2.5948158,1,1.1105418,f,23,45,37,2,5,1,1
9,Camel,Short,Right,0,ATT,1,1.8404297,1,2.8086409,1,1.3112319,f,19,47,40,2,5,5,0
9,Chameleon,Long,Right,0,ATT,1,0.81321,1,1.0873644,1,1.8462108,f,19,47,40,2,5,5,0
9,Crow,Long,Left,0,ATT,0,0.9908954,0,2.7847494,0,1.0818183,f,19,47,40,2,5,5,0
9,Deer,Short,Left,0,ATT,1,2.8196329,1,0.7662065,1,1.8342678,f,19,47,40,2,5,5,0
9,Elephant,Short,Right,0,ATT,1,1.8090273,1,2.7364679,1,2.6840555,f,19,47,40,2,5,5,0
9,Fox,Long,Right,0,ATT,1,2.7059786,1,0.8249652,1,2.3802616,f,19,47,40,2,5,5,0
9,Gazelle,Short,Right,0,ATT,1,1.5982583,1,1.7235247,1,1.939716,f,19,47,40,2,5,5,0
9,Goat,Short,Left,0,ATT,1,1.856076,1,1.8413255,1,2.049238,f,19,47,40,2,5,5,0
9,Hippo,Short,Left,0,ATT,1,0.8660574,1,0.759723,1,1.6101728,f,19,47,40,2,5,5,0
9,Horse,Long,Right,0,ATT,0,1.9527886,0,2.9227465,0,1.5088395,f,19,47,40,2,5,5,0
9,Jaguar,Long,Left,0,ATT,1,1.8641859,1,0.7345456,1,0.7312266,f,19,47,40,2,5,5,0
9,Lamb,Short,Right,0,ATT,1,1.0049745,1,1.9323013,1,1.1646702,f,19,47,40,2,5,5,0
9,Lion,Long,Right,0,ATT,1,3.0895221,1,1.9487541,1,2.0617015,f,19,47,40,2,5,5,0
9,Mole,Short,Right,0,ATT,1,3.0026906,1,2.8032416,1,0.7194112,f,19,47,40,2,5,5,0
9,Monkey,Long,Left,0,ATT,1,1.4696224,1,0.8921443,1,0.7057322,f,19,47,40,2,5,5,0
9,Panda,Short,Left,0,ATT,1,1.0471305,1,0.9578298,1,1.0004774,f,19,47,40,2,5,5,0
9,Pig,Short,Right,0,ATT,1,0.7168769,1,1.476332,1,0.6619133,f,19,47,40,2,5,5,0
9,Rhino,Short,Left,0,ATT,1,1.0907758,1,0.7416431,1,1.9326574,f,19,47,40,2,5,5,0
9,Sheep,Short,Right,0,ATT,1,0.8942382,1,1.4013334,1,1.3588542,f,19,47,40,2,5,5,0
9,Tiger,Long,Right,0,ATT,1,1.4914476,1,0.6894299,1,0.7613023,f,19,47,40,2,5,5,0
9,Wolf,Long,Right,0,ATT,1,1.7891921,1,0.6845986,1,0.9096591,f,19,47,40,2,5,5,0
10,Bear,Short,Left,0,ATT,1,0.7590671,1,1.5527374,1,3.3724336,f,23,50,31,1,5,5,0
10,Camel,Short,Right,0,ATT,1,1.0063023,1,1.5557977,1,3.6991106,f,23,50,31,1,5,5,0
10,Chameleon,Long,Right,0,ATT,1,1.1540434,1,0.6945007,1,0.7476902,f,23,50,31,1,5,5,0
10,Crow,Long,Left,0,ATT,1,3.7363599,1,0.7997952,1,1.0651709,f,23,50,31,1,5,5,0
10,Deer,Short,Left,0,ATT,1,1.1194047,1,2.8158445,1,1.0580696,f,23,50,31,1,5,5,0
10,Elephant,Short,Right,0,ATT,1,2.2932622,1,1.1617199,1,1.516629,f,23,50,31,1,5,5,0
10,Fox,Long,Right,0,ATT,1,1.1280557,1,0.8938351,1,0.990383,f,23,50,31,1,5,5,0
10,Gazelle,Short,Right,0,ATT,1,2.6205421,1,1.443808,1,1.3185721,f,23,50,31,1,5,5,0
10,Goat,Short,Left,0,ATT,1,1.5259683,1,1.1116009,1,1.9715496,f,23,50,31,1,5,5,0
10,Hippo,Short,Left,0,ATT,1,1.0485729,1,4.6128901,1,1.3681595,f,23,50,31,1,5,5,0
10,Horse,Long,Right,0,ATT,1,2.2995231,1,0.7847851,1,1.8197777,f,23,50,31,1,5,5,0
10,Lamb,Short,Right,0,ATT,1,1.4115081,1,0.648655,1,0.890801,f,23,50,31,1,5,5,0
10,Lion,Long,Right,0,ATT,0,3.5326784,1,1.3805172,0,2.3582002,f,23,50,31,1,5,5,0
10,Panda,Short,Left,0,ATT,1,3.1552362,1,0.8727725,1,2.9971755,f,23,50,31,1,5,5,0
10,Pig,Short,Right,0,ATT,1,1.7681559,1,0.5863841,1,0.5646553,f,23,50,31,1,5,5,0
10,Sheep,Short,Right,0,ATT,1,0.7477455,1,5.2391109,1,1.4855378,f,23,50,31,1,5,5,0
11,Bear,Short,Left,0,PFT,1,1.1133396,1,0.6512962,1,1.1768276,f,18,44,26,1,2,5,0
11,Chameleon,Long,Right,0,PFT,1,1.9499434,1,1.8818751,1,1.8208466,f,18,44,26,1,2,5,0
11,Crow,Long,Left,0,PFT,1,2.8675734,1,3.2913479,1,2.4455916,f,18,44,26,1,2,5,0
11,Deer,Short,Left,0,PFT,1,1.1244692,1,1.6413798,1,2.1522551,f,18,44,26,1,2,5,0
11,Elephant,Short,Right,0,PFT,1,3.4377685,1,1.4435752,1,2.6261704,f,18,44,26,1,2,5,0
11,Fox,Long,Right,0,PFT,1,2.9250199,1,1.5057554,1,1.828847,f,18,44,26,1,2,5,0
11,Gazelle,Short,Right,0,PFT,1,0.8895714,0,2.5213075,1,1.3010756,f,18,44,26,1,2,5,0
11,Goat,Short,Left,0,PFT,1,3.0008907,1,1.6516141,1,2.3520145,f,18,44,26,1,2,5,0
11,Hippo,Short,Left,0,PFT,1,1.0397287,1,1.4531454,1,1.6626581,f,18,44,26,1,2,5,0
11,Horse,Long,Right,0,PFT,1,1.012297,1,1.1425613,1,1.2604977,f,18,44,26,1,2,5,0
11,Jaguar,Long,Left,0,PFT,1,1.1720181,1,1.0844149,1,1.5600526,f,18,44,26,1,2,5,0
11,Kangaroo,Long,Left,0,PFT,1,1.7196777,1,1.1707501,1,1.3306201,f,18,44,26,1,2,5,0
11,Lamb,Short,Right,0,PFT,1,0.9959421,1,1.4546318,1,1.5289833,f,18,44,26,1,2,5,0
11,Lion,Long,Right,0,PFT,0,3.1646775,1,1.2926598,1,3.1195505,f,18,44,26,1,2,5,0
11,Mole,Short,Right,0,PFT,1,3.0004039,0,2.8769362,0,4.2520085,f,18,44,26,1,2,5,0
11,Monkey,Long,Left,0,PFT,1,1.6227004,1,1.0896356,1,2.9124423,f,18,44,26,1,2,5,0
11,Panda,Short,Left,0,PFT,1,1.2083018,1,0.98218,1,1.2405294,f,18,44,26,1,2,5,0
11,Pig,Short,Right,0,PFT,1,0.6615258,1,1.2828141,1,1.0636242,f,18,44,26,1,2,5,0
11,Rhino,Short,Left,0,PFT,1,1.4268441,1,1.0977091,1,1.3324196,f,18,44,26,1,2,5,0
11,Sheep,Short,Right,0,PFT,1,0.9636102,1,1.5525988,0,4.3008805,f,18,44,26,1,2,5,0
11,Tiger,Long,Right,0,PFT,1,1.0931399,1,1.3594371,1,1.1067392,f,18,44,26,1,2,5,0
11,Wolf,Long,Right,0,PFT,0,3.9824514,0,1.8980288,0,2.0060297,f,18,44,26,1,2,5,0
12,Bear,Short,Left,0,PFT,1,0.930913,1,1.198114,1,2.4931652,m,18,58,47,1,3,3,0
12,Camel,Short,Right,0,PFT,1,4.0653511,1,2.4744556,1,1.5729365,m,18,58,47,1,3,3,0
12,Chameleon,Long,Right,0,PFT,1,2.637024,0,1.8590316,1,3.6298072,m,18,58,47,1,3,3,0
12,Crow,Long,Left,0,PFT,1,1.7687146,1,2.626791,1,1.3591573,m,18,58,47,1,3,3,0
12,Deer,Short,Left,0,PFT,1,1.6500646,1,0.9619237,1,1.6632057,m,18,58,47,1,3,3,0
12,Elephant,Short,Right,0,PFT,1,0.8566044,1,3.8619426,1,1.8802493,m,18,58,47,1,3,3,0
12,Fox,Long,Right,0,PFT,1,1.4890155,1,0.8132654,1,1.3915514,m,18,58,47,1,3,3,0
12,Gazelle,Short,Right,0,PFT,1,1.0161544,1,2.2558087,1,1.259113,m,18,58,47,1,3,3,0
12,Goat,Short,Left,0,PFT,1,1.4180575,0,4.134605,1,3.0136213,m,18,58,47,1,3,3,0
12,Hippo,Short,Left,0,PFT,1,1.8878406,1,1.6066608,1,2.0584407,m,18,58,47,1,3,3,0
12,Horse,Long,Right,0,PFT,1,1.3101173,1,3.7326874,1,1.3108304,m,18,58,47,1,3,3,0
12,Jaguar,Long,Left,0,PFT,1,2.6293076,1,0.7976176,1,1.6246184,m,18,58,47,1,3,3,0
12,Kangaroo,Long,Left,0,PFT,1,2.6789522,1,2.3753147,1,1.437487,m,18,58,47,1,3,3,0
12,Lamb,Short,Right,0,PFT,1,1.6175386,1,1.6328858,1,3.3692786,m,18,58,47,1,3,3,0
12,Lion,Long,Right,0,PFT,1,1.3834233,1,1.6670693,1,4.7317032,m,18,58,47,1,3,3,0
12,Mole,Short,Right,0,PFT,1,1.9117172,1,1.0409684,1,2.1462311,m,18,58,47,1,3,3,0
12,Monkey,Long,Left,0,PFT,1,0.8068033,1,3.5393025,0,3.837223,m,18,58,47,1,3,3,0
12,Panda,Short,Left,0,PFT,1,1.7635731,1,0.7645942,1,1.5029986,m,18,58,47,1,3,3,0
12,Pig,Short,Right,0,PFT,1,0.9376296,1,0.7669665,1,2.3921507,m,18,58,47,1,3,3,0
12,Rhino,Short,Left,0,PFT,1,1.929955,1,1.9348947,1,3.326844,m,18,58,47,1,3,3,0
12,Sheep,Short,Right,0,PFT,1,0.791006,1,2.3717305,0,3.9223759,m,18,58,47,1,3,3,0
12,Tiger,Long,Right,0,PFT,1,1.1869924,1,1.3024907,1,1.809106,m,18,58,47,1,3,3,0
12,Wolf,Long,Right,0,PFT,1,0.8708228,1,2.2981935,1,2.4514975,m,18,58,47,1,3,3,0
13,Bear,Short,Left,0,PFT,1,0.7885123,1,0.8237687,1,2.1037796,f,21,57,34,1,5,5,1
13,Camel,Short,Right,0,PFT,1,1.6425163,1,1.6888744,1,1.6773453,f,21,57,34,1,5,5,1
13,Chameleon,Long,Right,0,PFT,1,1.033024,1,0.985744,1,0.8487385,f,21,57,34,1,5,5,1
13,Crow,Long,Left,0,PFT,1,1.5529621,1,2.0797191,1,0.833125,f,21,57,34,1,5,5,1
13,Deer,Short,Left,0,PFT,1,1.8086631,1,0.9495169,1,1.5213593,f,21,57,34,1,5,5,1
13,Elephant,Short,Right,0,PFT,1,0.9658496,1,1.3535093,1,1.7031112,f,21,57,34,1,5,5,1
13,Fox,Long,Right,0,PFT,1,1.0179166,1,0.8812936,1,1.224776,f,21,57,34,1,5,5,1
13,Gazelle,Short,Right,0,PFT,1,1.0914528,1,1.6497333,1,1.3512699,f,21,57,34,1,5,5,1
13,Goat,Short,Left,0,PFT,0,2.6777708,1,1.4967495,0,2.3590799,f,21,57,34,1,5,5,1
13,Hippo,Short,Left,0,PFT,1,1.0213176,1,1.0583293,1,1.1864009,f,21,57,34,1,5,5,1
13,Horse,Long,Right,0,PFT,1,2.1041637,1,1.1690308,1,1.3330201,f,21,57,34,1,5,5,1
13,Jaguar,Long,Left,0,PFT,1,1.0707109,1,1.0134906,1,1.3179193,f,21,57,34,1,5,5,1
13,Kangaroo,Long,Left,0,PFT,1,1.0469771,1,1.67579,1,1.5664848,f,21,57,34,1,5,5,1
13,Lamb,Short,Right,0,PFT,1,1.2265193,1,0.8651871,1,4.0925206,f,21,57,34,1,5,5,1
13,Lion,Long,Right,0,PFT,1,1.0704921,1,0.9412194,1,1.2747746,f,21,57,34,1,5,5,1
13,Mole,Short,Right,0,PFT,1,0.8227594,1,1.5779864,1,2.2832985,f,21,57,34,1,5,5,1
13,Monkey,Long,Left,0,PFT,1,1.2258753,1,1.1368667,1,1.7729459,f,21,57,34,1,5,5,1
13,Panda,Short,Left,0,PFT,1,0.9198461,1,0.7094644,1,0.8873024,f,21,57,34,1,5,5,1
13,Pig,Short,Right,0,PFT,1,1.2787685,1,0.9763699,1,1.3964298,f,21,57,34,1,5,5,1
13,Rhino,Short,Left,0,PFT,1,4.5211015,1,3.1343788,1,1.5804239,f,21,57,34,1,5,5,1
13,Sheep,Short,Right,0,PFT,1,0.879117,1,0.8498329,1,1.8626596,f,21,57,34,1,5,5,1
13,Tiger,Long,Right,0,PFT,1,0.9289491,1,0.7767008,1,1.7531728,f,21,57,34,1,5,5,1
13,Wolf,Long,Right,0,PFT,1,1.1215468,1,1.2587102,1,1.0184888,f,21,57,34,1,5,5,1
14,Bear,Short,Left,0,PFT,1,0.7145109,1,0.5068926,1,1.1881598,f,20,57,34,1,7,4,0
14,Camel,Short,Right,0,PFT,1,0.5321575,1,2.725196,1,1.4315566,f,20,57,34,1,7,4,0
14,Chameleon,Long,Right,0,PFT,1,0.6257681,1,0.7340454,1,1.2150724,f,20,57,34,1,7,4,0
14,Crow,Long,Left,0,PFT,1,3.4217452,1,0.8994462,1,0.8049159,f,20,57,34,1,7,4,0
14,Deer,Short,Left,0,PFT,1,1.1723721,1,0.6095735,1,0.9295514,f,20,57,34,1,7,4,0
14,Elephant,Short,Right,0,PFT,1,0.7120249,1,3.8641489,1,1.2358029,f,20,57,34,1,7,4,0
14,Fox,Long,Right,0,PFT,1,0.7894004,1,1.1699708,1,0.7497831,f,20,57,34,1,7,4,0
14,Goat,Short,Left,0,PFT,1,0.7652199,1,1.2655047,1,1.4247032,f,20,57,34,1,7,4,0
14,Hippo,Short,Left,0,PFT,1,1.26604,1,0.8544802,1,1.3463152,f,20,57,34,1,7,4,0
14,Horse,Long,Right,0,PFT,1,4.6854437,1,0.6780494,1,1.2933354,f,20,57,34,1,7,4,0
14,Jaguar,Long,Left,0,PFT,1,0.6630293,1,0.6280437,1,2.2765747,f,20,57,34,1,7,4,0
14,Kangaroo,Long,Left,0,PFT,1,2.3101394,1,1.1500688,1,1.012114,f,20,57,34,1,7,4,0
14,Lamb,Short,Right,0,PFT,1,1.4649124,1,0.6957117,1,4.0063533,f,20,57,34,1,7,4,0
14,Lion,Long,Right,0,PFT,1,1.4403769,1,0.7599858,0,3.4092617,f,20,57,34,1,7,4,0
14,Mole,Short,Right,0,PFT,1,0.6329329,1,1.357397,1,0.7536252,f,20,57,34,1,7,4,0
14,Monkey,Long,Left,0,PFT,1,1.1363241,1,0.5516365,1,1.2039952,f,20,57,34,1,7,4,0
14,Panda,Short,Left,0,PFT,1,0.7725011,1,0.8303697,1,1.6995694,f,20,57,34,1,7,4,0
14,Pig,Short,Right,0,PFT,1,0.8915409,1,0.6149852,1,1.0740364,f,20,57,34,1,7,4,0
14,Rhino,Short,Left,0,PFT,1,2.7451481,1,0.5408117,1,0.6314972,f,20,57,34,1,7,4,0
14,Sheep,Short,Right,0,PFT,1,0.7536803,1,1.3933848,1,2.984082,f,20,57,34,1,7,4,0
14,Tiger,Long,Right,0,PFT,1,1.8565742,1,1.174549,1,1.5470774,f,20,57,34,1,7,4,0
14,Wolf,Long,Right,0,PFT,0,0.7164307,0,1.5045373,0,2.548585,f,20,57,34,1,7,4,0
15,Bear,Short,Left,0,PFT,1,1.3362555,1,4.1914823,1,3.6061129,f,21,62,38,1,4,2,0
15,Camel,Short,Right,0,PFT,0,2.1141707,0,2.6923601,0,3.2552074,f,21,62,38,1,4,2,0
15,Crow,Long,Left,0,PFT,1,3.4471497,0,3.6365642,0,1.4768548,f,21,62,38,1,4,2,0
15,Deer,Short,Left,0,PFT,1,1.3618278,1,2.6339173,1,1.7923506,f,21,62,38,1,4,2,0
15,Elephant,Short,Right,0,PFT,0,1.2912485,0,1.4969901,1,2.4223364,f,21,62,38,1,4,2,0
15,Fox,Long,Right,0,PFT,0,2.8289632,0,1.1574166,0,2.1642075,f,21,62,38,1,4,2,0
15,Gazelle,Short,Right,0,PFT,1,1.4696075,1,4.2916338,1,4.4130296,f,21,62,38,1,4,2,0
15,Hippo,Short,Left,0,PFT,1,1.9949485,1,1.340797,1,4.2550902,f,21,62,38,1,4,2,0
15,Horse,Long,Right,0,PFT,0,1.6016028,0,2.747296,0,1.8501502,f,21,62,38,1,4,2,0
15,Jaguar,Long,Left,0,PFT,1,2.451341,1,3.0507741,1,2.1138896,f,21,62,38,1,4,2,0
15,Kangaroo,Long,Left,0,PFT,1,1.7259689,1,2.0924007,1,1.7971317,f,21,62,38,1,4,2,0
15,Lamb,Short,Right,0,PFT,1,2.677375,1,2.9379224,1,2.1298168,f,21,62,38,1,4,2,0
15,Lion,Long,Right,0,PFT,0,1.2703204,0,1.9147219,1,4.0505712,f,21,62,38,1,4,2,0
15,Monkey,Long,Left,0,PFT,1,1.5331207,1,1.6854476,1,1.6643327,f,21,62,38,1,4,2,0
15,Panda,Short,Left,0,PFT,1,2.1181997,1,1.1906494,1,2.1272345,f,21,62,38,1,4,2,0
15,Pig,Short,Right,0,PFT,1,2.3272077,1,0.8437517,1,2.6341538,f,21,62,38,1,4,2,0
15,Rhino,Short,Left,0,PFT,1,1.262023,1,2.3068745,1,2.6837194,f,21,62,38,1,4,2,0
15,Sheep,Short,Right,0,PFT,1,1.3857249,1,1.714221,1,3.0234599,f,21,62,38,1,4,2,0
15,Tiger,Long,Right,0,PFT,1,3.6443649,1,1.4083092,1,3.0288604,f,21,62,38,1,4,2,0
15,Wolf,Long,Right,0,PFT,0,2.2779201,0,1.7253466,0,1.9120518,f,21,62,38,1,4,2,0
16,Bear,Short,Left,0,PFT,1,0.62518,1,0.6871756,1,1.6352362,f,19,48,33,1,6,3,0
16,Camel,Short,Right,0,PFT,1,0.774124,1,1.3670939,1,0.7510392,f,19,48,33,1,6,3,0
16,Chameleon,Long,Right,0,PFT,1,2.8800133,1,0.9459229,1,0.7360223,f,19,48,33,1,6,3,0
16,Deer,Short,Left,0,PFT,1,1.4343341,1,4.2630952,1,1.6327355,f,19,48,33,1,6,3,0
16,Elephant,Short,Right,0,PFT,1,0.8151522,1,1.590459,1,1.3763028,f,19,48,33,1,6,3,0
16,Fox,Long,Right,0,PFT,1,0.8145917,1,1.1873678,1,1.5822176,f,19,48,33,1,6,3,0
16,Gazelle,Short,Right,0,PFT,1,2.2061508,1,0.6601666,1,1.168989,f,19,48,33,1,6,3,0
16,Goat,Short,Left,0,PFT,1,1.2864872,1,2.0835913,1,1.2673796,f,19,48,33,1,6,3,0
16,Hippo,Short,Left,0,PFT,1,0.9132238,1,0.6552935,1,1.2005225,f,19,48,33,1,6,3,0
16,Horse,Long,Right,0,PFT,1,1.0814341,1,0.7317013,1,0.9473918,f,19,48,33,1,6,3,0
16,Jaguar,Long,Left,0,PFT,1,0.7399264,1,0.7397328,1,1.0809622,f,19,48,33,1,6,3,0
16,Kangaroo,Long,Left,0,PFT,1,0.6669314,1,0.681925,1,2.6448518,f,19,48,33,1,6,3,0
16,Lamb,Short,Right,0,PFT,1,0.4319002,1,1.5260867,1,3.5545845,f,19,48,33,1,6,3,0
16,Lion,Long,Right,0,PFT,1,1.3922256,1,1.7890731,1,2.5437752,f,19,48,33,1,6,3,0
16,Mole,Short,Right,0,PFT,1,1.2721016,1,1.6213017,1,0.6633573,f,19,48,33,1,6,3,0
16,Monkey,Long,Left,0,PFT,1,0.9810713,0,4.6357502,0,1.5509649,f,19,48,33,1,6,3,0
16,Panda,Short,Left,0,PFT,1,0.7825445,1,1.0013012,1,0.7950541,f,19,48,33,1,6,3,0
16,Pig,Short,Right,0,PFT,1,1.00964,1,1.4547987,1,0.8615401,f,19,48,33,1,6,3,0
16,Rhino,Short,Left,0,PFT,1,1.2711166,1,2.1444862,1,2.9310464,f,19,48,33,1,6,3,0
16,Sheep,Short,Right,0,PFT,1,0.8842094,1,0.9909936,1,1.222188,f,19,48,33,1,6,3,0
16,Tiger,Long,Right,0,PFT,1,1.3971192,1,1.2154684,1,2.289665,f,19,48,33,1,6,3,0
16,Wolf,Long,Right,0,PFT,1,1.1286974,1,0.5873048,1,1.6042871,f,19,48,33,1,6,3,0
17,Bear,Short,Left,0,PFT,1,1.2511831,0,2.2012235,0,0.7880939,m,20,64,52,1,2,2,0
17,Camel,Short,Right,0,PFT,1,2.8850529,1,1.1374036,1,1.9984646,m,20,64,52,1,2,2,0
17,Chameleon,Long,Right,0,PFT,1,1.4581424,1,1.0484102,1,1.3117479,m,20,64,52,1,2,2,0
17,Crow,Long,Left,0,PFT,0,2.4172873,0,1.0174916,0,0.9813038,m,20,64,52,1,2,2,0
17,Deer,Short,Left,0,PFT,1,2.1478542,1,1.039521,1,1.1996117,m,20,64,52,1,2,2,0
17,Elephant,Short,Right,0,PFT,0,1.0005548,0,2.4547307,0,1.7445202,m,20,64,52,1,2,2,0
17,Fox,Long,Right,0,PFT,1,1.6163118,1,0.7795408,1,0.9332086,m,20,64,52,1,2,2,0
17,Gazelle,Short,Right,0,PFT,1,1.8493704,0,1.3042504,1,1.0973815,m,20,64,52,1,2,2,0
17,Hippo,Short,Left,0,PFT,1,0.699119,1,1.1741269,1,1.4702351,m,20,64,52,1,2,2,0
17,Horse,Long,Right,0,PFT,1,1.234323,1,3.7602782,1,0.7623301,m,20,64,52,1,2,2,0
17,Jaguar,Long,Left,0,PFT,1,1.3654791,1,0.7595997,1,0.8939927,m,20,64,52,1,2,2,0
17,Kangaroo,Long,Left,0,PFT,1,0.9694093,1,2.8299811,0,1.7793149,m,20,64,52,1,2,2,0
17,Lamb,Short,Right,0,PFT,1,1.402131,1,2.9699273,0,1.6415997,m,20,64,52,1,2,2,0
17,Lion,Long,Right,0,PFT,1,0.9188753,1,0.7776213,1,1.2548528,m,20,64,52,1,2,2,0
17,Mole,Short,Right,0,PFT,1,1.3288774,1,1.7866096,1,2.9424699,m,20,64,52,1,2,2,0
17,Monkey,Long,Left,0,PFT,1,1.0971574,1,1.617752,0,1.8461245,m,20,64,52,1,2,2,0
17,Panda,Short,Left,0,PFT,1,0.8164066,1,1.24617,1,2.4380416,m,20,64,52,1,2,2,0
17,Pig,Short,Right,0,PFT,0,1.1048107,0,3.8220105,0,1.7071623,m,20,64,52,1,2,2,0
17,Rhino,Short,Left,0,PFT,1,4.0888576,1,0.8715887,1,1.0827248,m,20,64,52,1,2,2,0
17,Sheep,Short,Right,0,PFT,1,3.5280807,1,1.3727452,1,1.5941207,m,20,64,52,1,2,2,0
17,Tiger,Long,Right,0,PFT,1,0.7696802,1,0.5541721,1,1.5241198,m,20,64,52,1,2,2,0
17,Wolf,Long,Right,0,PFT,1,0.8747052,1,0.9975994,1,0.9233662,m,20,64,52,1,2,2,0
18,Bear,Short,Left,0,PFT,1,0.9176317,1,0.6285735,1,1.0746409,f,19,56,41,2,6,5,0
18,Camel,Short,Right,0,PFT,1,1.1210883,1,0.6945296,1,1.1217677,f,19,56,41,2,6,5,0
18,Chameleon,Long,Right,0,PFT,1,1.0717642,1,0.6960463,1,0.7347911,f,19,56,41,2,6,5,0
18,Crow,Long,Left,0,PFT,1,1.4513752,1,0.7723504,1,0.8956927,f,19,56,41,2,6,5,0
18,Deer,Short,Left,0,PFT,1,0.9674616,1,0.7796168,1,0.765297,f,19,56,41,2,6,5,0
18,Elephant,Short,Right,0,PFT,1,0.6684205,1,1.9945852,1,0.9613564,f,19,56,41,2,6,5,0
18,Fox,Long,Right,0,PFT,1,0.8974885,1,0.8072243,1,0.7104966,f,19,56,41,2,6,5,0
18,Gazelle,Short,Right,0,PFT,1,0.896788,1,1.4891881,1,1.1620311,f,19,56,41,2,6,5,0
18,Goat,Short,Left,0,PFT,1,0.9188261,1,0.8093045,1,0.7304492,f,19,56,41,2,6,5,0
18,Hippo,Short,Left,0,PFT,1,0.6447649,1,1.0788881,1,0.8353354,f,19,56,41,2,6,5,0
18,Horse,Long,Right,0,PFT,1,1.3372657,1,1.08239,1,0.7367015,f,19,56,41,2,6,5,0
18,Jaguar,Long,Left,0,PFT,1,0.5634542,1,0.9646196,1,0.7494991,f,19,56,41,2,6,5,0
18,Kangaroo,Long,Left,0,PFT,1,0.9401446,1,1.218256,0,1.5919672,f,19,56,41,2,6,5,0
18,Lamb,Short,Right,0,PFT,1,1.5611141,1,0.8156247,1,0.8762877,f,19,56,41,2,6,5,0
18,Lion,Long,Right,0,PFT,1,1.0790547,1,0.5914363,1,0.9931452,f,19,56,41,2,6,5,0
18,Mole,Short,Right,0,PFT,1,1.3622346,1,0.6713731,1,1.2607529,f,19,56,41,2,6,5,0
18,Monkey,Long,Left,0,PFT,1,0.7588141,1,0.8173168,1,2.0919754,f,19,56,41,2,6,5,0
18,Panda,Short,Left,0,PFT,1,0.9340819,1,1.2059533,1,0.8139211,f,19,56,41,2,6,5,0
18,Pig,Short,Right,0,PFT,1,0.9953688,1,1.1061409,1,0.8436313,f,19,56,41,2,6,5,0
18,Rhino,Short,Left,0,PFT,1,0.7859026,1,1.0754144,1,0.7103893,f,19,56,41,2,6,5,0
18,Sheep,Short,Right,0,PFT,1,1.3084042,1,1.3928969,1,2.6053521,f,19,56,41,2,6,5,0
18,Tiger,Long,Right,0,PFT,1,0.5649015,1,0.6169835,1,0.8267316,f,19,56,41,2,6,5,0
18,Wolf,Long,Right,0,PFT,1,0.8303207,1,0.7973538,1,0.8209184,f,19,56,41,2,6,5,0
19,Bear,Short,Left,0,PFT,1,0.8707762,1,0.7275569,1,1.3445461,f,18,53,46,1,2,4,0
19,Camel,Short,Right,0,PFT,0,0.8416549,0,2.4552034,0,0.9875828,f,18,53,46,1,2,4,0
19,Chameleon,Long,Right,0,PFT,1,1.2339792,1,0.9424003,1,0.8603738,f,18,53,46,1,2,4,0
19,Crow,Long,Left,0,PFT,1,0.9459232,0,3.2968969,0,4.4670445,f,18,53,46,1,2,4,0
19,Deer,Short,Left,0,PFT,0,4.2714291,1,1.3743531,1,2.3283439,f,18,53,46,1,2,4,0
19,Elephant,Short,Right,0,PFT,0,2.3038086,0,0.8769664,0,1.7078756,f,18,53,46,1,2,4,0
19,Fox,Long,Right,0,PFT,0,4.5037045,1,1.9438271,1,0.7764783,f,18,53,46,1,2,4,0
19,Gazelle,Short,Right,0,PFT,1,2.6665589,1,1.7041222,1,1.5332527,f,18,53,46,1,2,4,0
19,Horse,Long,Right,0,PFT,1,0.8140326,1,0.6478308,1,1.0729822,f,18,53,46,1,2,4,0
19,Kangaroo,Long,Left,0,PFT,1,0.8924913,1,0.7616347,1,1.4651936,f,18,53,46,1,2,4,0
19,Lamb,Short,Right,0,PFT,1,0.8454852,1,3.2524927,1,1.5777498,f,18,53,46,1,2,4,0
19,Lion,Long,Right,0,PFT,1,0.8894215,1,0.8165191,1,2.0494626,f,18,53,46,1,2,4,0
19,Panda,Short,Left,0,PFT,1,0.7730325,1,1.072375,1,0.7291984,f,18,53,46,1,2,4,0
19,Pig,Short,Right,0,PFT,1,0.8268771,1,0.7154886,1,3.1999807,f,18,53,46,1,2,4,0
19,Rhino,Short,Left,0,PFT,1,3.4459701,1,2.54889,1,4.0507053,f,18,53,46,1,2,4,0
19,Sheep,Short,Right,0,PFT,1,2.5510297,0,4.4758126,0,3.6027349,f,18,53,46,1,2,4,0
19,Tiger,Long,Right,0,PFT,1,0.6799056,1,1.6346968,1,1.8251265,f,18,53,46,1,2,4,0
20,Bear,Short,Left,0,PFT,1,1.8219097,1,1.2640799,1,0.9425924,f,19,52,25,1,3,2,0
20,Camel,Short,Right,0,PFT,1,0.5734674,1,0.4609936,1,0.6933918,f,19,52,25,1,3,2,0
20,Chameleon,Long,Right,0,PFT,1,0.5666551,1,1.0249259,1,1.2809262,f,19,52,25,1,3,2,0
20,Crow,Long,Left,0,PFT,0,0.7734805,0,0.9596671,0,0.6531542,f,19,52,25,1,3,2,0
20,Deer,Short,Left,0,PFT,1,0.570271,1,0.6197235,1,0.9160394,f,19,52,25,1,3,2,0
20,Elephant,Short,Right,0,PFT,1,0.7022974,1,1.0433523,1,1.2092366,f,19,52,25,1,3,2,0
20,Fox,Long,Right,0,PFT,1,0.619401,1,0.6399235,1,1.3524093,f,19,52,25,1,3,2,0
20,Gazelle,Short,Right,0,PFT,1,3.9444829,1,0.7341889,1,0.7286311,f,19,52,25,1,3,2,0
20,Goat,Short,Left,0,PFT,1,0.714821,1,0.5815047,1,0.6220861,f,19,52,25,1,3,2,0
20,Hippo,Short,Left,0,PFT,1,1.4930964,1,0.7343305,1,0.7281201,f,19,52,25,1,3,2,0
20,Horse,Long,Right,0,PFT,0,1.1109906,0,1.0583756,0,1.5428602,f,19,52,25,1,3,2,0
20,Jaguar,Long,Left,0,PFT,1,0.680811,1,0.6337193,1,0.659175,f,19,52,25,1,3,2,0
20,Kangaroo,Long,Left,0,PFT,1,0.8476969,1,0.8935746,1,0.760861,f,19,52,25,1,3,2,0
20,Lamb,Short,Right,0,PFT,1,0.7278203,1,0.500228,1,0.9092326,f,19,52,25,1,3,2,0
20,Lion,Long,Right,0,PFT,0,2.2808992,0,0.6839857,1,0.8608925,f,19,52,25,1,3,2,0
20,Mole,Short,Right,0,PFT,1,0.7784158,1,1.5169573,1,0.661327,f,19,52,25,1,3,2,0
20,Monkey,Long,Left,0,PFT,1,0.5744899,1,0.6227896,1,0.9935017,f,19,52,25,1,3,2,0
20,Panda,Short,Left,0,PFT,1,0.5837831,1,0.4934519,1,1.3488514,f,19,52,25,1,3,2,0
20,Pig,Short,Right,0,PFT,1,0.7569764,1,0.5353295,1,0.4640478,f,19,52,25,1,3,2,0
20,Rhino,Short,Left,0,PFT,1,0.6226269,1,0.5243936,1,0.6765373,f,19,52,25,1,3,2,0
20,Sheep,Short,Right,0,PFT,1,1.9742415,1,0.6553799,1,0.6110188,f,19,52,25,1,3,2,0
20,Tiger,Long,Right,0,PFT,1,1.0334948,1,0.5694111,1,0.7599928,f,19,52,25,1,3,2,0
20,Wolf,Long,Right,0,PFT,1,0.5038252,1,0.6856778,1,0.5829798,f,19,52,25,1,3,2,0
21,Bear,Short,Left,1,ATT,1,1.5148579,0,0.7274874,1,4.3465189,f,19,66,38,1,7,6,0
21,Camel,Short,Right,1,ATT,1,1.1692341,1,1.8769949,0,0.758904,f,19,66,38,1,7,6,0
21,Chameleon,Long,Right,1,ATT,0,2.1985095,0,1.149434,0,1.6961441,f,19,66,38,1,7,6,0
21,Crow,Long,Left,1,ATT,0,2.3166461,0,1.8214503,0,1.107598,f,19,66,38,1,7,6,0
21,Deer,Short,Left,1,ATT,0,1.0395219,1,1.2163346,0,0.972481,f,19,66,38,1,7,6,0
21,Elephant,Short,Right,1,ATT,0,1.6380928,0,1.016603,0,3.1710552,f,19,66,38,1,7,6,0
21,Fox,Long,Right,1,ATT,0,1.3037354,1,1.287775,1,1.9031541,f,19,66,38,1,7,6,0
21,Gazelle,Short,Right,1,ATT,1,2.1643576,1,1.5740784,0,2.0655594,f,19,66,38,1,7,6,0
21,Goat,Short,Left,1,ATT,1,2.4014963,1,1.1843661,1,1.5856517,f,19,66,38,1,7,6,0
21,Hippo,Short,Left,1,ATT,0,2.187909,1,1.4038066,1,3.1343897,f,19,66,38,1,7,6,0
21,Horse,Long,Right,1,ATT,1,1.8947004,1,1.8827415,1,1.0142637,f,19,66,38,1,7,6,0
21,Jaguar,Long,Left,1,ATT,0,1.5473267,1,1.6489226,0,2.8868512,f,19,66,38,1,7,6,0
21,Kangaroo,Long,Left,1,ATT,0,0.9465328,0,0.9136547,0,0.7901359,f,19,66,38,1,7,6,0
21,Lamb,Short,Right,1,ATT,1,1.1782111,1,0.6345187,1,1.0603153,f,19,66,38,1,7,6,0
21,Lion,Long,Right,1,ATT,1,1.0759165,0,1.1449752,0,1.388646,f,19,66,38,1,7,6,0
21,Mole,Short,Right,1,ATT,0,1.5657949,1,1.3153088,1,1.7429858,f,19,66,38,1,7,6,0
21,Monkey,Long,Left,1,ATT,0,0.8910869,0,1.0402821,0,1.1007608,f,19,66,38,1,7,6,0
21,Panda,Short,Left,1,ATT,1,0.8947,1,0.7471691,1,2.4546325,f,19,66,38,1,7,6,0
21,Pig,Short,Right,1,ATT,1,1.2500035,1,2.9859977,1,1.7688075,f,19,66,38,1,7,6,0
21,Rhino,Short,Left,1,ATT,0,2.6664151,1,2.3206585,0,1.3876005,f,19,66,38,1,7,6,0
21,Tiger,Long,Right,1,ATT,1,1.5977513,1,1.8127829,1,1.0060094,f,19,66,38,1,7,6,0
21,Wolf,Long,Right,1,ATT,1,1.436881,1,1.7879502,1,1.655099,f,19,66,38,1,7,6,0
22,Bear,Short,Left,1,ATT,1,0.6754476,1,0.7144048,1,1.1169175,f,19,54,44,1,3,4,0
22,Camel,Short,Right,1,ATT,1,1.5440692,1,1.2345278,1,1.171162,f,19,54,44,1,3,4,0
22,Chameleon,Long,Right,1,ATT,1,0.5608389,1,1.3966235,1,0.5747049,f,19,54,44,1,3,4,0
22,Crow,Long,Left,1,ATT,1,0.6688313,1,0.7759472,1,3.2322609,f,19,54,44,1,3,4,0
22,Deer,Short,Left,1,ATT,1,1.782465,1,1.4085705,1,2.5027146,f,19,54,44,1,3,4,0
22,Elephant,Short,Right,1,ATT,0,1.3418028,0,1.3942354,0,1.2720693,f,19,54,44,1,3,4,0
22,Fox,Long,Right,1,ATT,1,0.7673069,1,1.8974617,1,1.478145,f,19,54,44,1,3,4,0
22,Gazelle,Short,Right,1,ATT,1,1.5465126,1,1.6453463,1,1.1182191,f,19,54,44,1,3,4,0
22,Goat,Short,Left,1,ATT,1,0.720912,1,2.0126483,1,3.9684286,f,19,54,44,1,3,4,0
22,Hippo,Short,Left,1,ATT,1,0.808734,1,0.6447125,1,1.7657196,f,19,54,44,1,3,4,0
22,Horse,Long,Right,1,ATT,1,0.6437657,1,0.906917,1,2.2530825,f,19,54,44,1,3,4,0
22,Jaguar,Long,Left,1,ATT,1,0.5972239,1,0.6560423,1,0.8443198,f,19,54,44,1,3,4,0
22,Kangaroo,Long,Left,1,ATT,1,0.8964451,0,1.0921188,1,1.2564797,f,19,54,44,1,3,4,0
22,Lamb,Short,Right,1,ATT,1,0.7737411,1,2.6554949,0,0.6547137,f,19,54,44,1,3,4,0
22,Lion,Long,Right,1,ATT,1,0.581112,1,1.807485,1,1.8164431,f,19,54,44,1,3,4,0
22,Mole,Short,Right,1,ATT,1,1.5251548,1,0.7056501,1,2.4300761,f,19,54,44,1,3,4,0
22,Monkey,Long,Left,1,ATT,1,0.6259011,1,1.2556679,0,2.5137459,f,19,54,44,1,3,4,0
22,Panda,Short,Left,1,ATT,1,0.6453798,1,1.515262,1,0.7203197,f,19,54,44,1,3,4,0
22,Pig,Short,Right,1,ATT,1,1.4078508,1,1.493573,1,1.7847124,f,19,54,44,1,3,4,0
22,Rhino,Short,Left,1,ATT,1,0.6302837,1,0.9887734,1,0.7091531,f,19,54,44,1,3,4,0
22,Sheep,Short,Right,1,ATT,1,0.672669,1,3.2302642,1,1.45771,f,19,54,44,1,3,4,0
22,Tiger,Long,Right,1,ATT,1,0.5375625,1,0.7960831,1,0.8290174,f,19,54,44,1,3,4,0
22,Wolf,Long,Right,1,ATT,1,3.7212577,1,0.7238891,1,0.9865494,f,19,54,44,1,3,4,0
23,Bear,Short,Left,1,ATT,1,2.204043,1,2.233353,1,3.4770228,f,19,40,35,1,3,4,0
23,Camel,Short,Right,1,ATT,1,1.5347351,1,1.5352567,0,2.2163512,f,19,40,35,1,3,4,0
23,Chameleon,Long,Right,1,ATT,1,0.9446906,1,2.07777,0,2.3697149,f,19,40,35,1,3,4,0
23,Crow,Long,Left,1,ATT,0,2.4968022,0,0.6271923,0,1.1622913,f,19,40,35,1,3,4,0
23,Deer,Short,Left,1,ATT,1,2.42086,1,1.7502388,0,1.3539656,f,19,40,35,1,3,4,0
23,Fox,Long,Right,1,ATT,0,0.7553855,1,2.5956185,0,2.1199047,f,19,40,35,1,3,4,0
23,Gazelle,Short,Right,1,ATT,1,3.5958506,1,1.8929639,1,1.9905305,f,19,40,35,1,3,4,0
23,Goat,Short,Left,1,ATT,0,3.2783115,1,3.6732433,0,2.7719504,f,19,40,35,1,3,4,0
23,Hippo,Short,Left,1,ATT,1,0.9789674,1,2.6731215,1,1.2426872,f,19,40,35,1,3,4,0
23,Horse,Long,Right,1,ATT,1,1.5977164,1,1.675265,1,1.9489359,f,19,40,35,1,3,4,0
23,Jaguar,Long,Left,1,ATT,1,0.7176993,1,1.2294196,1,1.0858068,f,19,40,35,1,3,4,0
23,Kangaroo,Long,Left,1,ATT,1,1.1565191,1,1.2864197,0,1.2214825,f,19,40,35,1,3,4,0
23,Lamb,Short,Right,1,ATT,1,1.2965688,1,0.832394,0,2.0697428,f,19,40,35,1,3,4,0
23,Lion,Long,Right,1,ATT,1,1.6122711,1,1.1667682,1,1.2090806,f,19,40,35,1,3,4,0
23,Mole,Short,Right,1,ATT,0,3.6310991,0,0.9997909,0,3.1219859,f,19,40,35,1,3,4,0
23,Monkey,Long,Left,1,ATT,1,2.2214274,1,1.2647514,0,2.5450765,f,19,40,35,1,3,4,0
23,Panda,Short,Left,1,ATT,1,1.3869518,1,0.7779556,1,0.8677656,f,19,40,35,1,3,4,0
23,Pig,Short,Right,1,ATT,1,1.1185481,1,1.5701087,1,0.7945803,f,19,40,35,1,3,4,0
23,Rhino,Short,Left,1,ATT,1,2.3454477,1,0.8286451,1,1.9769488,f,19,40,35,1,3,4,0
23,Sheep,Short,Right,1,ATT,1,1.3961344,0,2.7835107,0,1.3762616,f,19,40,35,1,3,4,0
23,Tiger,Long,Right,1,ATT,1,1.2859087,1,1.8209752,1,0.9553434,f,19,40,35,1,3,4,0
23,Wolf,Long,Right,1,ATT,0,2.6375379,0,0.8154404,0,2.5695165,f,19,40,35,1,3,4,0
24,Bear,Short,Left,1,ATT,1,1.4793513,1,0.966067,1,2.0450775,f,20,50,38,1,3,5,0
24,Camel,Short,Right,1,ATT,0,2.1074462,0,3.0808078,0,1.6041415,f,20,50,38,1,3,5,0
24,Chameleon,Long,Right,1,ATT,1,1.9265803,1,2.8042354,1,1.5475431,f,20,50,38,1,3,5,0
24,Crow,Long,Left,1,ATT,1,0.9157218,1,2.023684,1,0.8663444,f,20,50,38,1,3,5,0
24,Deer,Short,Left,1,ATT,1,1.752601,1,2.4197159,1,2.8324606,f,20,50,38,1,3,5,0
24,Fox,Long,Right,1,ATT,1,1.8589357,1,1.0640415,1,0.9812989,f,20,50,38,1,3,5,0
24,Gazelle,Short,Right,1,ATT,1,0.8397745,1,2.0026889,1,2.127425,f,20,50,38,1,3,5,0
24,Goat,Short,Left,1,ATT,1,2.9777941,1,1.7052502,1,2.0308883,f,20,50,38,1,3,5,0
24,Hippo,Short,Left,1,ATT,1,1.5504132,1,1.6075343,0,3.1339428,f,20,50,38,1,3,5,0
24,Horse,Long,Right,1,ATT,1,1.0931322,1,1.8792052,1,1.0048233,f,20,50,38,1,3,5,0
24,Jaguar,Long,Left,1,ATT,1,1.5272068,1,1.3133484,1,1.8668551,f,20,50,38,1,3,5,0
24,Kangaroo,Long,Left,1,ATT,1,1.0325883,1,2.509287,1,2.375405,f,20,50,38,1,3,5,0
24,Lamb,Short,Right,1,ATT,1,1.4638906,1,2.8338257,0,3.0102292,f,20,50,38,1,3,5,0
24,Lion,Long,Right,1,ATT,1,1.4285984,1,1.203454,1,4.0732743,f,20,50,38,1,3,5,0
24,Mole,Short,Right,1,ATT,1,1.6386655,1,1.8949102,1,3.5707903,f,20,50,38,1,3,5,0
24,Monkey,Long,Left,1,ATT,1,2.3533457,1,1.4993765,1,2.2562466,f,20,50,38,1,3,5,0
24,Panda,Short,Left,1,ATT,1,2.8306192,1,0.8111921,1,0.9918163,f,20,50,38,1,3,5,0
24,Pig,Short,Right,1,ATT,1,1.7399752,1,1.5635848,1,1.4395872,f,20,50,38,1,3,5,0
24,Sheep,Short,Right,1,ATT,1,1.3827068,1,3.8065455,1,3.2193661,f,20,50,38,1,3,5,0
24,Tiger,Long,Right,1,ATT,1,1.2402109,1,0.9194726,1,1.4420545,f,20,50,38,1,3,5,0
24,Wolf,Long,Right,1,ATT,1,1.7278407,1,1.7361152,1,1.0817651,f,20,50,38,1,3,5,0
25,Bear,Short,Left,1,ATT,1,0.8138357,1,0.970755,1,1.3827192,f,21,69,38,1,5,2,0
25,Camel,Short,Right,1,ATT,1,2.3537083,1,1.6000745,1,3.2287567,f,21,69,38,1,5,2,0
25,Chameleon,Long,Right,1,ATT,1,1.470267,1,1.5868816,1,1.9834901,f,21,69,38,1,5,2,0
25,Crow,Long,Left,1,ATT,0,1.4936817,0,3.4171777,0,1.3773318,f,21,69,38,1,5,2,0
25,Deer,Short,Left,1,ATT,1,1.6538483,1,1.1506808,1,2.4287616,f,21,69,38,1,5,2,0
25,Elephant,Short,Right,1,ATT,0,1.2734468,0,1.9407285,0,2.3513576,f,21,69,38,1,5,2,0
25,Fox,Long,Right,1,ATT,0,1.2951566,1,3.0459645,1,2.5056861,f,21,69,38,1,5,2,0
25,Goat,Short,Left,1,ATT,1,1.2778398,1,2.4696674,0,3.1010797,f,21,69,38,1,5,2,0
25,Hippo,Short,Left,1,ATT,1,1.0509723,0,1.7753294,1,0.9725313,f,21,69,38,1,5,2,0
25,Horse,Long,Right,1,ATT,0,2.6556779,0,1.6862676,0,1.4451991,f,21,69,38,1,5,2,0
25,Jaguar,Long,Left,1,ATT,1,2.6301192,1,3.2638118,1,1.1899363,f,21,69,38,1,5,2,0
25,Kangaroo,Long,Left,1,ATT,1,2.0245011,1,1.7851012,1,2.0946285,f,21,69,38,1,5,2,0
25,Lamb,Short,Right,1,ATT,1,1.9959077,1,1.150398,1,2.6552612,f,21,69,38,1,5,2,0
25,Lion,Long,Right,1,ATT,1,0.7753221,1,1.4282301,0,2.1676073,f,21,69,38,1,5,2,0
25,Mole,Short,Right,1,ATT,0,1.4843383,0,3.6179644,0,2.0225598,f,21,69,38,1,5,2,0
25,Monkey,Long,Left,1,ATT,1,1.5579879,1,1.1151616,1,2.1870071,f,21,69,38,1,5,2,0
25,Panda,Short,Left,1,ATT,1,1.2458374,1,2.0346454,1,1.2458034,f,21,69,38,1,5,2,0
25,Pig,Short,Right,1,ATT,1,2.4485221,1,0.6624278,1,2.9422558,f,21,69,38,1,5,2,0
25,Rhino,Short,Left,1,ATT,1,1.7389202,1,1.4254841,1,1.3527994,f,21,69,38,1,5,2,0
25,Sheep,Short,Right,1,ATT,1,1.1944891,1,2.8808754,1,4.2305457,f,21,69,38,1,5,2,0
25,Tiger,Long,Right,1,ATT,1,1.4281497,1,2.3874773,1,2.3126781,f,21,69,38,1,5,2,0
25,Wolf,Long,Right,1,ATT,0,1.1638462,0,2.3744016,1,1.154942,f,21,69,38,1,5,2,0
26,Bear,Short,Left,1,ATT,1,1.5496832,1,0.7437857,1,2.8083338,f,19,55,40,1,3,6,1
26,Camel,Short,Right,1,ATT,1,0.9138543,1,2.8952958,1,2.1854113,f,19,55,40,1,3,6,1
26,Chameleon,Long,Right,1,ATT,1,1.2569734,1,1.3731173,1,0.9699177,f,19,55,40,1,3,6,1
26,Crow,Long,Left,1,ATT,0,2.0473058,0,1.6937913,0,0.9332855,f,19,55,40,1,3,6,1
26,Deer,Short,Left,1,ATT,1,2.8594534,1,0.7162273,1,1.2395317,f,19,55,40,1,3,6,1
26,Elephant,Short,Right,1,ATT,1,1.5824102,1,0.7965577,1,1.2542296,f,19,55,40,1,3,6,1
26,Fox,Long,Right,1,ATT,0,1.9567528,0,2.0378545,1,4.4588842,f,19,55,40,1,3,6,1
26,Gazelle,Short,Right,1,ATT,1,1.9419387,1,0.8874947,1,3.0430071,f,19,55,40,1,3,6,1
26,Goat,Short,Left,1,ATT,1,1.085985,1,3.3545804,1,2.1106579,f,19,55,40,1,3,6,1
26,Hippo,Short,Left,1,ATT,1,0.9668912,1,1.0996078,1,1.2594977,f,19,55,40,1,3,6,1
26,Horse,Long,Right,1,ATT,1,1.3488185,1,1.1354551,0,1.2516411,f,19,55,40,1,3,6,1
26,Jaguar,Long,Left,1,ATT,1,1.9800939,1,0.9755687,1,1.5317704,f,19,55,40,1,3,6,1
26,Kangaroo,Long,Left,1,ATT,1,0.86181,1,2.9633796,1,1.2340875,f,19,55,40,1,3,6,1
26,Lamb,Short,Right,1,ATT,1,1.2702142,1,1.5261925,0,1.3717239,f,19,55,40,1,3,6,1
26,Lion,Long,Right,1,ATT,0,1.8463773,0,2.3214299,1,1.2826432,f,19,55,40,1,3,6,1
26,Mole,Short,Right,1,ATT,1,1.4805539,1,2.5050855,1,1.9540728,f,19,55,40,1,3,6,1
26,Monkey,Long,Left,1,ATT,1,1.5881963,1,0.9221764,0,2.4403785,f,19,55,40,1,3,6,1
26,Panda,Short,Left,1,ATT,1,1.4022058,1,1.4387067,1,2.6262892,f,19,55,40,1,3,6,1
26,Pig,Short,Right,1,ATT,1,0.9601164,1,1.1043231,1,1.3628267,f,19,55,40,1,3,6,1
26,Rhino,Short,Left,1,ATT,1,1.0713393,1,0.9333898,1,1.7546792,f,19,55,40,1,3,6,1
26,Sheep,Short,Right,1,ATT,1,1.7442929,1,1.6528343,0,1.9362514,f,19,55,40,1,3,6,1
26,Tiger,Long,Right,1,ATT,1,1.2090778,1,3.6670447,1,2.8933897,f,19,55,40,1,3,6,1
26,Wolf,Long,Right,1,ATT,1,1.3086508,1,1.3860219,1,1.1409756,f,19,55,40,1,3,6,1
27,Chameleon,Long,Right,1,ATT,1,1.3582122,1,3.4768001,0,3.979452,f,28,56,32,2,5,4,0
27,Crow,Long,Left,1,ATT,1,1.7972878,1,3.1979364,1,1.163079,f,28,56,32,2,5,4,0
27,Deer,Short,Left,1,ATT,1,2.5026957,1,1.4290964,1,2.1958682,f,28,56,32,2,5,4,0
27,Elephant,Short,Right,1,ATT,1,2.003988,1,2.4654498,0,4.1210261,f,28,56,32,2,5,4,0
27,Fox,Long,Right,1,ATT,1,1.379778,1,2.8975755,1,4.0295848,f,28,56,32,2,5,4,0
27,Gazelle,Short,Right,1,ATT,1,2.1757071,1,3.1897774,1,2.6565343,f,28,56,32,2,5,4,0
27,Hippo,Short,Left,1,ATT,1,2.1907701,1,2.4844806,1,4.2447123,f,28,56,32,2,5,4,0
27,Jaguar,Long,Left,1,ATT,1,2.2714525,1,3.0970623,1,4.8565952,f,28,56,32,2,5,4,0
27,Kangaroo,Long,Left,1,ATT,1,2.9608292,1,1.1149229,1,1.7688465,f,28,56,32,2,5,4,0
27,Lamb,Short,Right,1,ATT,1,1.7562735,1,2.4527205,1,3.39916,f,28,56,32,2,5,4,0
27,Mole,Short,Right,1,ATT,1,3.434632,1,1.4445336,1,1.7463792,f,28,56,32,2,5,4,0
27,Monkey,Long,Left,1,ATT,1,4.3979113,0,3.3175307,1,1.9387134,f,28,56,32,2,5,4,0
27,Panda,Short,Left,1,ATT,1,2.5232289,1,2.8655202,1,1.3289745,f,28,56,32,2,5,4,0
27,Pig,Short,Right,1,ATT,1,2.9722519,1,0.7283717,1,1.5789401,f,28,56,32,2,5,4,0
27,Rhino,Short,Left,1,ATT,1,2.1870812,1,1.3902031,1,4.3924122,f,28,56,32,2,5,4,0
27,Sheep,Short,Right,1,ATT,1,2.2329999,1,2.535644,1,1.626664,f,28,56,32,2,5,4,0
27,Tiger,Long,Right,1,ATT,1,2.0708229,1,1.4114913,0,1.7289802,f,28,56,32,2,5,4,0
27,Wolf,Long,Right,1,ATT,1,1.3988665,0,2.1636067,1,2.3879682,f,28,56,32,2,5,4,0
28,Bear,Short,Left,1,ATT,1,0.8339389,1,1.1700892,1,2.1166936,m,18,53,45,2,3,6,0
28,Camel,Short,Right,1,ATT,0,2.156066,0,2.2955876,0,1.7315232,m,18,53,45,2,3,6,0
28,Chameleon,Long,Right,1,ATT,1,2.5971827,1,2.0157436,1,4.4885316,m,18,53,45,2,3,6,0
28,Crow,Long,Left,1,ATT,0,2.2969526,0,1.1847632,1,1.5360963,m,18,53,45,2,3,6,0
28,Deer,Short,Left,1,ATT,1,0.9134511,1,1.9610171,0,2.7961036,m,18,53,45,2,3,6,0
28,Elephant,Short,Right,1,ATT,1,2.0559153,1,1.408585,1,2.5578428,m,18,53,45,2,3,6,0
28,Fox,Long,Right,1,ATT,1,1.2763057,1,1.9804242,1,1.3208823,m,18,53,45,2,3,6,0
28,Gazelle,Short,Right,1,ATT,1,2.4988831,1,1.5291246,0,1.6105257,m,18,53,45,2,3,6,0
28,Goat,Short,Left,1,ATT,0,1.7338939,1,2.4202424,0,1.8516277,m,18,53,45,2,3,6,0
28,Hippo,Short,Left,1,ATT,1,3.0263201,1,1.8566772,1,1.3446703,m,18,53,45,2,3,6,0
28,Horse,Long,Right,1,ATT,1,1.7569812,1,0.9029732,1,1.1904196,m,18,53,45,2,3,6,0
28,Kangaroo,Long,Left,1,ATT,1,1.4458357,1,0.7948425,1,1.6186277,m,18,53,45,2,3,6,0
28,Lion,Long,Right,1,ATT,1,1.3609359,1,0.9361798,1,2.2639097,m,18,53,45,2,3,6,0
28,Mole,Short,Right,1,ATT,1,0.7819604,1,0.9894454,1,1.6300819,m,18,53,45,2,3,6,0
28,Monkey,Long,Left,1,ATT,1,1.7675966,1,1.1509986,1,1.4523403,m,18,53,45,2,3,6,0
28,Panda,Short,Left,1,ATT,1,1.0338401,1,1.0531769,1,2.4663334,m,18,53,45,2,3,6,0
28,Pig,Short,Right,1,ATT,1,2.0581478,1,2.0475538,1,1.6726269,m,18,53,45,2,3,6,0
28,Rhino,Short,Left,1,ATT,1,2.5509489,1,1.2132026,1,1.4931431,m,18,53,45,2,3,6,0
28,Sheep,Short,Right,1,ATT,1,0.7752024,1,1.7586846,1,1.6386711,m,18,53,45,2,3,6,0
28,Tiger,Long,Right,1,ATT,1,0.6048491,1,2.2754089,1,1.3354549,m,18,53,45,2,3,6,0
28,Wolf,Long,Right,1,ATT,1,1.630263,1,1.5238019,1,2.1952845,m,18,53,45,2,3,6,0
29,Bear,Short,Left,1,ATT,1,0.92131,1,0.8003028,1,1.613204,f,19,59,39,1,6,7,0
29,Camel,Short,Right,1,ATT,0,1.5711264,0,1.0101228,0,0.8972625,f,19,59,39,1,6,7,0
29,Chameleon,Long,Right,1,ATT,1,0.9263412,1,0.7966355,1,1.1606818,f,19,59,39,1,6,7,0
29,Crow,Long,Left,1,ATT,0,0.9934249,1,4.2917959,0,2.4742584,f,19,59,39,1,6,7,0
29,Deer,Short,Left,1,ATT,1,2.6900414,1,0.8900642,1,2.4742037,f,19,59,39,1,6,7,0
29,Fox,Long,Right,1,ATT,1,0.8121484,1,0.7182852,1,0.7746741,f,19,59,39,1,6,7,0
29,Gazelle,Short,Right,1,ATT,1,1.0195404,1,2.4791605,1,1.7801802,f,19,59,39,1,6,7,0
29,Goat,Short,Left,1,ATT,1,1.465587,1,2.2402181,1,2.116224,f,19,59,39,1,6,7,0
29,Hippo,Short,Left,1,ATT,1,0.87289,0,2.1482012,1,1.5149006,f,19,59,39,1,6,7,0
29,Horse,Long,Right,1,ATT,1,2.3802845,1,1.374511,1,1.5772839,f,19,59,39,1,6,7,0
29,Jaguar,Long,Left,1,ATT,1,0.5616356,1,0.7025339,1,0.8870609,f,19,59,39,1,6,7,0
29,Lamb,Short,Right,1,ATT,1,1.7993713,1,4.5026493,1,1.0333307,f,19,59,39,1,6,7,0
29,Lion,Long,Right,1,ATT,1,0.6987372,1,0.8185559,1,3.3163968,f,19,59,39,1,6,7,0
29,Mole,Short,Right,1,ATT,1,1.8312706,1,1.4549415,1,1.097576,f,19,59,39,1,6,7,0
29,Monkey,Long,Left,1,ATT,1,1.1070255,1,1.1441242,1,1.6417826,f,19,59,39,1,6,7,0
29,Panda,Short,Left,1,ATT,1,1.0210135,1,2.0776989,1,1.2021646,f,19,59,39,1,6,7,0
29,Pig,Short,Right,1,ATT,1,0.8218873,1,3.1877774,0,2.4310807,f,19,59,39,1,6,7,0
29,Rhino,Short,Left,1,ATT,1,1.6314734,0,1.3972118,0,4.1913407,f,19,59,39,1,6,7,0
29,Sheep,Short,Right,1,ATT,1,0.9082795,1,3.9121833,1,4.321683,f,19,59,39,1,6,7,0
29,Tiger,Long,Right,1,ATT,1,1.1136161,1,0.5643507,1,1.4860378,f,19,59,39,1,6,7,0
29,Wolf,Long,Right,1,ATT,1,1.2539877,1,3.1168981,1,2.1965238,f,19,59,39,1,6,7,0
30,Bear,Short,Left,1,ATT,1,0.780146,1,1.1291302,1,2.2701762,f,20,43,23,2,6,4,0
30,Camel,Short,Right,1,ATT,1,1.2110676,1,1.0293519,1,0.9864171,f,20,43,23,2,6,4,0
30,Chameleon,Long,Right,1,ATT,1,2.080164,1,0.7816802,1,1.0952072,f,20,43,23,2,6,4,0
30,Crow,Long,Left,1,ATT,0,1.7754627,0,0.9666003,0,1.3545911,f,20,43,23,2,6,4,0
30,Deer,Short,Left,1,ATT,1,2.5928332,1,0.8737693,1,1.4441761,f,20,43,23,2,6,4,0
30,Elephant,Short,Right,1,ATT,1,1.7265187,1,1.4941128,1,1.0689707,f,20,43,23,2,6,4,0
30,Fox,Long,Right,1,ATT,1,1.096465,1,1.8816084,1,1.3341381,f,20,43,23,2,6,4,0
30,Gazelle,Short,Right,1,ATT,1,1.0991336,1,1.0050536,1,1.4777242,f,20,43,23,2,6,4,0
30,Goat,Short,Left,1,ATT,1,1.2926817,1,1.2120856,0,1.4544941,f,20,43,23,2,6,4,0
30,Hippo,Short,Left,1,ATT,0,1.5525833,1,1.369078,1,1.6194186,f,20,43,23,2,6,4,0
30,Horse,Long,Right,1,ATT,1,1.6794067,1,1.0091798,1,1.6488854,f,20,43,23,2,6,4,0
30,Jaguar,Long,Left,1,ATT,1,0.8190756,1,2.2865155,1,1.3471021,f,20,43,23,2,6,4,0
30,Kangaroo,Long,Left,1,ATT,1,1.486411,1,1.1459347,1,1.358533,f,20,43,23,2,6,4,0
30,Lamb,Short,Right,1,ATT,1,1.1523434,1,1.1276731,1,2.1731772,f,20,43,23,2,6,4,0
30,Lion,Long,Right,1,ATT,1,1.1554918,1,0.8580907,1,2.4101322,f,20,43,23,2,6,4,0
30,Mole,Short,Right,1,ATT,1,1.9966857,1,0.839783,1,1.0725302,f,20,43,23,2,6,4,0
30,Monkey,Long,Left,1,ATT,1,1.1887466,1,0.9681329,1,1.0949766,f,20,43,23,2,6,4,0
30,Panda,Short,Left,1,ATT,1,1.0604743,1,0.8142385,1,1.4548038,f,20,43,23,2,6,4,0
30,Pig,Short,Right,1,ATT,1,1.1814701,1,1.1515463,1,0.9124894,f,20,43,23,2,6,4,0
30,Rhino,Short,Left,1,ATT,1,2.426899,1,1.5310245,1,2.3577103,f,20,43,23,2,6,4,0
30,Sheep,Short,Right,1,ATT,1,1.1022639,1,1.3189608,1,1.5920343,f,20,43,23,2,6,4,0
30,Tiger,Long,Right,1,ATT,1,1.4478564,1,0.8293278,1,2.1771493,f,20,43,23,2,6,4,0
30,Wolf,Long,Right,1,ATT,1,1.0777042,1,1.9661242,1,1.1756366,f,20,43,23,2,6,4,0
31,Bear,Short,Left,1,PFT,1,0.6460981,1,0.7592975,0,1.7952002,f,19,60,37,1,6,4,0
31,Camel,Short,Right,1,PFT,1,0.7419471,1,1.3803674,1,0.6533635,f,19,60,37,1,6,4,0
31,Chameleon,Long,Right,1,PFT,1,0.81091,1,1.6901982,1,0.7003923,f,19,60,37,1,6,4,0
31,Crow,Long,Left,1,PFT,1,3.5861766,1,3.5107305,0,1.3235298,f,19,60,37,1,6,4,0
31,Deer,Short,Left,1,PFT,1,1.3082943,1,0.773127,1,1.1429168,f,19,60,37,1,6,4,0
31,Elephant,Short,Right,1,PFT,1,1.6332963,1,0.7634773,1,2.0845539,f,19,60,37,1,6,4,0
31,Fox,Long,Right,1,PFT,1,1.2801035,1,0.9363653,1,0.9203367,f,19,60,37,1,6,4,0
31,Gazelle,Short,Right,1,PFT,1,1.2943738,1,1.3562789,1,2.0498291,f,19,60,37,1,6,4,0
31,Goat,Short,Left,1,PFT,1,0.8133338,1,0.6391269,1,0.805904,f,19,60,37,1,6,4,0
31,Hippo,Short,Left,1,PFT,1,0.7669538,1,0.6181614,1,0.6303093,f,19,60,37,1,6,4,0
31,Horse,Long,Right,1,PFT,1,4.6788247,0,1.4420634,1,0.7235636,f,19,60,37,1,6,4,0
31,Jaguar,Long,Left,1,PFT,1,1.0599435,1,0.5538127,1,0.5980714,f,19,60,37,1,6,4,0
31,Kangaroo,Long,Left,1,PFT,1,0.8238898,1,1.6354136,1,1.6987479,f,19,60,37,1,6,4,0
31,Lamb,Short,Right,1,PFT,1,0.8436693,1,0.8060734,0,3.8126597,f,19,60,37,1,6,4,0
31,Lion,Long,Right,1,PFT,1,1.4128348,1,3.4543586,0,1.7615419,f,19,60,37,1,6,4,0
31,Mole,Short,Right,1,PFT,1,0.8466878,1,0.6523359,1,0.6585223,f,19,60,37,1,6,4,0
31,Monkey,Long,Left,1,PFT,1,0.581658,1,1.5728934,1,0.8282257,f,19,60,37,1,6,4,0
31,Panda,Short,Left,1,PFT,1,1.2823617,1,0.856887,1,1.1261989,f,19,60,37,1,6,4,0
31,Pig,Short,Right,1,PFT,1,0.4993969,1,0.7891886,1,0.6335528,f,19,60,37,1,6,4,0
31,Rhino,Short,Left,1,PFT,1,2.4442711,1,0.5532037,1,1.3191914,f,19,60,37,1,6,4,0
31,Sheep,Short,Right,1,PFT,1,1.536171,1,1.7925374,0,1.4477501,f,19,60,37,1,6,4,0
31,Tiger,Long,Right,1,PFT,1,0.7280715,1,0.6555876,1,1.4768685,f,19,60,37,1,6,4,0
31,Wolf,Long,Right,1,PFT,1,1.1028169,1,0.6108793,1,0.6905312,f,19,60,37,1,6,4,0
32,Bear,Short,Left,1,PFT,1,0.6576202,1,1.2368963,1,1.4661955,f,19,60,31,1,5,3,0
32,Camel,Short,Right,1,PFT,0,0.9365828,0,0.8774114,0,0.7910123,f,19,60,31,1,5,3,0
32,Chameleon,Long,Right,1,PFT,1,1.3500363,1,0.9703763,1,1.0135934,f,19,60,31,1,5,3,0
32,Crow,Long,Left,1,PFT,0,2.240286,1,1.7757192,1,1.3691252,f,19,60,31,1,5,3,0
32,Deer,Short,Left,1,PFT,1,1.6307865,1,1.4005264,1,1.0295477,f,19,60,31,1,5,3,0
32,Elephant,Short,Right,1,PFT,0,3.0130148,0,0.7492354,0,1.1915556,f,19,60,31,1,5,3,0
32,Fox,Long,Right,1,PFT,1,2.13303,1,1.0623915,1,3.4969341,f,19,60,31,1,5,3,0
32,Gazelle,Short,Right,1,PFT,1,1.3086518,1,3.2274181,1,1.3639449,f,19,60,31,1,5,3,0
32,Goat,Short,Left,1,PFT,1,1.1618809,1,0.8610929,1,1.5352219,f,19,60,31,1,5,3,0
32,Hippo,Short,Left,1,PFT,1,0.9947326,1,0.6843413,1,1.0535947,f,19,60,31,1,5,3,0
32,Horse,Long,Right,1,PFT,1,0.9798892,1,0.953095,1,0.9464093,f,19,60,31,1,5,3,0
32,Jaguar,Long,Left,1,PFT,1,1.1382806,1,0.6604613,1,1.7107758,f,19,60,31,1,5,3,0
32,Kangaroo,Long,Left,1,PFT,1,1.0453528,1,2.320531,1,2.7065348,f,19,60,31,1,5,3,0
32,Lion,Long,Right,1,PFT,1,1.2332345,1,1.2207985,0,3.6811337,f,19,60,31,1,5,3,0
32,Mole,Short,Right,1,PFT,1,1.0305768,1,1.4259784,1,3.0085708,f,19,60,31,1,5,3,0
32,Monkey,Long,Left,1,PFT,1,0.9227101,1,1.6760581,1,1.3587041,f,19,60,31,1,5,3,0
32,Panda,Short,Left,1,PFT,1,0.8048655,1,1.0318925,1,1.3784329,f,19,60,31,1,5,3,0
32,Pig,Short,Right,1,PFT,1,1.4039789,1,1.0883545,1,2.733648,f,19,60,31,1,5,3,0
32,Rhino,Short,Left,1,PFT,1,1.1884548,1,2.7357419,1,0.7102972,f,19,60,31,1,5,3,0
32,Tiger,Long,Right,1,PFT,1,0.8135828,1,0.8091555,1,1.1005866,f,19,60,31,1,5,3,0
32,Wolf,Long,Right,1,PFT,1,0.9183551,1,1.0627456,1,1.1547155,f,19,60,31,1,5,3,0
33,Bear,Short,Left,1,PFT,1,0.5584192,1,1.0866615,1,2.7557231,f,20,52,40,1,5,7,0
33,Camel,Short,Right,1,PFT,1,1.2027167,1,1.7182164,1,1.7616824,f,20,52,40,1,5,7,0
33,Chameleon,Long,Right,1,PFT,1,0.7026569,1,3.1629257,1,1.0330917,f,20,52,40,1,5,7,0
33,Deer,Short,Left,1,PFT,1,2.1457065,1,0.7227841,1,1.6859381,f,20,52,40,1,5,7,0
33,Elephant,Short,Right,1,PFT,0,1.3435131,0,2.7119603,0,1.1420141,f,20,52,40,1,5,7,0
33,Fox,Long,Right,1,PFT,1,3.2223343,0,1.8546775,1,1.557791,f,20,52,40,1,5,7,0
33,Gazelle,Short,Right,1,PFT,1,1.315362,1,1.4938146,1,1.8086249,f,20,52,40,1,5,7,0
33,Goat,Short,Left,1,PFT,1,0.7338761,1,1.2790003,1,1.8523906,f,20,52,40,1,5,7,0
33,Hippo,Short,Left,1,PFT,1,2.5855842,1,1.9150989,1,0.7080867,f,20,52,40,1,5,7,0
33,Horse,Long,Right,1,PFT,1,1.0144982,1,1.7087161,1,4.6359657,f,20,52,40,1,5,7,0
33,Kangaroo,Long,Left,1,PFT,1,0.9099475,1,1.7522714,1,4.4165741,f,20,52,40,1,5,7,0
33,Lamb,Short,Right,1,PFT,1,1.5395826,1,2.6758047,1,2.4811583,f,20,52,40,1,5,7,0
33,Lion,Long,Right,1,PFT,1,1.7242325,1,1.0480908,0,4.1225365,f,20,52,40,1,5,7,0
33,Mole,Short,Right,1,PFT,1,1.3238278,1,0.9056877,1,4.3697388,f,20,52,40,1,5,7,0
33,Monkey,Long,Left,1,PFT,1,0.6572442,1,3.8033904,1,1.778905,f,20,52,40,1,5,7,0
33,Panda,Short,Left,1,PFT,1,0.9173843,1,0.7036606,1,1.1936188,f,20,52,40,1,5,7,0
33,Pig,Short,Right,1,PFT,1,0.9427974,1,1.2982888,1,0.9112816,f,20,52,40,1,5,7,0
33,Rhino,Short,Left,1,PFT,1,1.3527182,1,0.8508936,1,1.5607734,f,20,52,40,1,5,7,0
33,Sheep,Short,Right,1,PFT,1,1.3323821,1,3.901305,1,4.1713978,f,20,52,40,1,5,7,0
33,Tiger,Long,Right,1,PFT,1,2.4197621,0,1.4048708,0,2.1049378,f,20,52,40,1,5,7,0
33,Wolf,Long,Right,1,PFT,1,1.2003029,1,2.8655838,1,2.0142848,f,20,52,40,1,5,7,0
34,Bear,Short,Left,1,PFT,1,1.0490475,1,2.3973587,1,1.3464711,f,19,57,41,3,6,6,0
34,Camel,Short,Right,1,PFT,0,1.7325961,0,1.0884797,0,1.2949945,f,19,57,41,3,6,6,0
34,Chameleon,Long,Right,1,PFT,1,1.6693608,1,1.3195971,1,1.1682707,f,19,57,41,3,6,6,0
34,Crow,Long,Left,1,PFT,0,1.0855177,0,1.2000902,0,1.207035,f,19,57,41,3,6,6,0
34,Deer,Short,Left,1,PFT,1,0.8800545,1,0.7349623,1,1.4097681,f,19,57,41,3,6,6,0
34,Fox,Long,Right,1,PFT,1,0.8418799,1,3.9099517,1,1.8811237,f,19,57,41,3,6,6,0
34,Gazelle,Short,Right,1,PFT,1,1.1988014,1,1.4199549,1,1.9830119,f,19,57,41,3,6,6,0
34,Goat,Short,Left,1,PFT,1,1.1082135,1,1.2724893,1,1.9607306,f,19,57,41,3,6,6,0
34,Hippo,Short,Left,1,PFT,1,2.6504206,1,1.7110013,1,3.6014786,f,19,57,41,3,6,6,0
34,Horse,Long,Right,1,PFT,1,0.9115083,1,2.5619277,1,2.4315959,f,19,57,41,3,6,6,0
34,Jaguar,Long,Left,1,PFT,1,1.7309836,1,1.932816,1,2.3880835,f,19,57,41,3,6,6,0
34,Kangaroo,Long,Left,1,PFT,1,1.8281485,1,1.19927,1,2.5475335,f,19,57,41,3,6,6,0
34,Lamb,Short,Right,1,PFT,1,1.6015103,1,1.1907884,1,1.0438015,f,19,57,41,3,6,6,0
34,Lion,Long,Right,1,PFT,1,0.6515013,1,1.3662139,1,3.3225367,f,19,57,41,3,6,6,0
34,Mole,Short,Right,1,PFT,1,1.4009264,1,1.187679,1,0.8260991,f,19,57,41,3,6,6,0
34,Monkey,Long,Left,1,PFT,1,0.7926129,1,1.0999748,1,1.2658326,f,19,57,41,3,6,6,0
34,Panda,Short,Left,1,PFT,1,1.1804321,1,1.4061833,1,0.7062772,f,19,57,41,3,6,6,0
34,Pig,Short,Right,1,PFT,1,0.7938628,1,1.063264,1,2.0434789,f,19,57,41,3,6,6,0
34,Rhino,Short,Left,1,PFT,0,2.5777663,0,3.0671034,0,1.909317,f,19,57,41,3,6,6,0
34,Sheep,Short,Right,1,PFT,1,2.4564046,1,1.4516385,1,1.7988576,f,19,57,41,3,6,6,0
34,Tiger,Long,Right,1,PFT,1,3.0728509,1,3.2219503,1,2.1323579,f,19,57,41,3,6,6,0
34,Wolf,Long,Right,1,PFT,1,0.7019277,1,3.5156619,1,1.4010689,f,19,57,41,3,6,6,0
35,Bear,Short,Left,1,PFT,1,1.7483084,1,1.1611275,1,2.4836561,f,22,51,26,1,3,4,0
35,Camel,Short,Right,1,PFT,1,1.4542882,0,2.2722609,1,2.8462571,f,22,51,26,1,3,4,0
35,Crow,Long,Left,1,PFT,1,1.034168,1,0.7846677,0,1.8900984,f,22,51,26,1,3,4,0
35,Deer,Short,Left,1,PFT,1,1.921671,1,1.1600218,0,1.4410992,f,22,51,26,1,3,4,0
35,Elephant,Short,Right,1,PFT,0,0.8892798,0,1.2779726,0,1.0719644,f,22,51,26,1,3,4,0
35,Fox,Long,Right,1,PFT,1,1.1057204,1,1.7762054,1,2.0745006,f,22,51,26,1,3,4,0
35,Gazelle,Short,Right,1,PFT,1,0.9785031,1,1.617432,1,4.2021217,f,22,51,26,1,3,4,0
35,Goat,Short,Left,1,PFT,1,1.4849827,1,1.3157114,1,3.5553505,f,22,51,26,1,3,4,0
35,Hippo,Short,Left,1,PFT,1,3.0224455,0,1.5291868,1,1.7222561,f,22,51,26,1,3,4,0
35,Horse,Long,Right,1,PFT,1,4.6277284,1,1.0925783,1,0.8545842,f,22,51,26,1,3,4,0
35,Jaguar,Long,Left,1,PFT,1,1.1043746,1,2.4420889,1,1.3007234,f,22,51,26,1,3,4,0
35,Kangaroo,Long,Left,1,PFT,1,2.7947983,1,3.375369,1,1.8510426,f,22,51,26,1,3,4,0
35,Lamb,Short,Right,1,PFT,1,1.6848917,1,0.6275359,1,3.7164869,f,22,51,26,1,3,4,0
35,Monkey,Long,Left,1,PFT,1,1.1034087,1,2.6646317,1,1.6606016,f,22,51,26,1,3,4,0
35,Panda,Short,Left,1,PFT,1,4.5421883,1,0.6652112,1,1.8342291,f,22,51,26,1,3,4,0
35,Pig,Short,Right,1,PFT,1,0.7499525,1,1.5145568,1,1.7801384,f,22,51,26,1,3,4,0
35,Rhino,Short,Left,1,PFT,0,1.7399894,0,0.9630494,0,3.8083953,f,22,51,26,1,3,4,0
35,Sheep,Short,Right,1,PFT,1,1.1232406,1,2.4879258,1,4.1575698,f,22,51,26,1,3,4,0
35,Tiger,Long,Right,1,PFT,1,2.8344218,1,1.2001579,1,2.4816123,f,22,51,26,1,3,4,0
35,Wolf,Long,Right,1,PFT,1,1.3343037,1,2.0371862,0,3.2829586,f,22,51,26,1,3,4,0
36,Bear,Short,Left,1,PFT,1,0.778301,1,0.6378112,1,2.27141,f,19,52,41,1,3,6,0
36,Camel,Short,Right,1,PFT,1,0.5749284,1,0.7714223,1,0.8516598,f,19,52,41,1,3,6,0
36,Chameleon,Long,Right,1,PFT,1,1.9290439,1,0.8371318,0,1.1662209,f,19,52,41,1,3,6,0
36,Crow,Long,Left,1,PFT,1,1.8574133,1,0.9446496,1,0.9059855,f,19,52,41,1,3,6,0
36,Deer,Short,Left,1,PFT,1,1.6232549,1,0.8813,1,0.8264835,f,19,52,41,1,3,6,0
36,Elephant,Short,Right,1,PFT,1,2.0862956,1,1.2373276,1,2.4883675,f,19,52,41,1,3,6,0
36,Fox,Long,Right,1,PFT,1,1.7512456,1,0.6124747,1,0.8406646,f,19,52,41,1,3,6,0
36,Gazelle,Short,Right,1,PFT,1,0.7675957,1,1.2373778,1,1.129763,f,19,52,41,1,3,6,0
36,Goat,Short,Left,1,PFT,1,0.6286029,1,0.7805416,1,0.6506299,f,19,52,41,1,3,6,0
36,Hippo,Short,Left,1,PFT,1,0.6294313,1,0.8737935,1,1.8567645,f,19,52,41,1,3,6,0
36,Horse,Long,Right,1,PFT,1,1.1323575,1,1.0533262,0,0.4426185,f,19,52,41,1,3,6,0
36,Jaguar,Long,Left,1,PFT,1,1.2891573,1,0.8235402,1,0.8055652,f,19,52,41,1,3,6,0
36,Kangaroo,Long,Left,1,PFT,0,1.0210525,0,0.6345344,0,1.0514373,f,19,52,41,1,3,6,0
36,Lamb,Short,Right,1,PFT,1,1.1499946,1,1.303331,1,0.8276876,f,19,52,41,1,3,6,0
36,Lion,Long,Right,1,PFT,1,0.6293047,1,0.6864841,0,0.9113077,f,19,52,41,1,3,6,0
36,Mole,Short,Right,1,PFT,1,1.0377221,1,0.5966163,1,0.7853216,f,19,52,41,1,3,6,0
36,Monkey,Long,Left,1,PFT,1,1.4911151,1,0.6924898,0,1.9467225,f,19,52,41,1,3,6,0
36,Panda,Short,Left,1,PFT,1,0.6022524,1,1.0255171,1,0.5141676,f,19,52,41,1,3,6,0
36,Pig,Short,Right,1,PFT,1,1.3233402,1,0.4538706,1,0.5560976,f,19,52,41,1,3,6,0
36,Rhino,Short,Left,1,PFT,1,0.578645,1,0.6319043,1,0.5781606,f,19,52,41,1,3,6,0
36,Sheep,Short,Right,1,PFT,1,0.5096498,1,0.7842212,0,1.3840829,f,19,52,41,1,3,6,0
36,Tiger,Long,Right,1,PFT,1,0.5213903,1,3.2544937,1,0.9865288,f,19,52,41,1,3,6,0
36,Wolf,Long,Right,1,PFT,1,1.8978481,1,0.5295173,1,1.034396,f,19,52,41,1,3,6,0
37,Bear,Short,Left,1,PFT,1,0.9526262,1,1.1225674,1,2.3894539,f,20,51,43,1,2,5,0
37,Camel,Short,Right,1,PFT,1,0.8500534,1,1.1967372,1,2.1054879,f,20,51,43,1,2,5,0
37,Chameleon,Long,Right,1,PFT,1,5.4065553,1,2.0375838,1,1.946996,f,20,51,43,1,2,5,0
37,Crow,Long,Left,1,PFT,1,2.84966,1,3.3020342,0,4.278766,f,20,51,43,1,2,5,0
37,Deer,Short,Left,1,PFT,1,1.2369532,1,1.4311089,1,2.763202,f,20,51,43,1,2,5,0
37,Gazelle,Short,Right,1,PFT,1,4.011558,1,1.5048162,1,1.3223689,f,20,51,43,1,2,5,0
37,Goat,Short,Left,1,PFT,1,3.5211385,1,1.4110447,1,2.8951664,f,20,51,43,1,2,5,0
37,Hippo,Short,Left,1,PFT,1,0.9017208,1,3.1695023,1,3.3763274,f,20,51,43,1,2,5,0
37,Horse,Long,Right,1,PFT,1,3.3715446,1,1.8245198,1,1.2879204,f,20,51,43,1,2,5,0
37,Kangaroo,Long,Left,1,PFT,1,3.5290043,1,2.003734,1,2.8604707,f,20,51,43,1,2,5,0
37,Lamb,Short,Right,1,PFT,1,1.8265038,1,1.9907683,1,4.224348,f,20,51,43,1,2,5,0
37,Lion,Long,Right,1,PFT,1,2.3016515,1,1.8782902,1,4.8900787,f,20,51,43,1,2,5,0
37,Monkey,Long,Left,1,PFT,1,1.3985665,1,0.8144008,1,1.8334937,f,20,51,43,1,2,5,0
37,Panda,Short,Left,1,PFT,1,1.5352373,1,1.7711967,1,0.934667,f,20,51,43,1,2,5,0
37,Pig,Short,Right,1,PFT,1,1.7170905,1,2.3647751,1,1.2717701,f,20,51,43,1,2,5,0
37,Rhino,Short,Left,1,PFT,1,2.1288672,1,2.6484968,1,1.7324728,f,20,51,43,1,2,5,0
37,Sheep,Short,Right,1,PFT,1,1.2488109,1,3.2086616,1,2.5954347,f,20,51,43,1,2,5,0
38,Bear,Short,Left,1,PFT,1,5.1471368,1,1.0708014,1,1.5167074,m,20,60,43,1,2,6,0
38,Camel,Short,Right,1,PFT,1,1.1627298,1,2.422151,1,0.7551343,m,20,60,43,1,2,6,0
38,Chameleon,Long,Right,1,PFT,1,0.6568376,1,1.8058268,1,0.8986401,m,20,60,43,1,2,6,0
38,Crow,Long,Left,1,PFT,0,0.7961225,0,1.464538,0,1.1766886,m,20,60,43,1,2,6,0
38,Deer,Short,Left,1,PFT,1,1.0921639,1,1.2094242,1,0.8777323,m,20,60,43,1,2,6,0
38,Elephant,Short,Right,1,PFT,1,0.9323255,1,4.2163715,1,3.1249848,m,20,60,43,1,2,6,0
38,Fox,Long,Right,1,PFT,0,0.7489503,0,0.9310612,0,0.7362406,m,20,60,43,1,2,6,0
38,Gazelle,Short,Right,1,PFT,1,0.7043194,1,0.6073357,1,0.6083159,m,20,60,43,1,2,6,0
38,Goat,Short,Left,1,PFT,1,0.7896196,1,0.4991046,1,1.1273055,m,20,60,43,1,2,6,0
38,Hippo,Short,Left,1,PFT,1,2.0136118,1,0.8058234,1,1.3160057,m,20,60,43,1,2,6,0
38,Horse,Long,Right,1,PFT,0,2.560291,0,1.1356816,1,1.7608126,m,20,60,43,1,2,6,0
38,Jaguar,Long,Left,1,PFT,0,3.5359193,0,0.7368393,0,3.7020064,m,20,60,43,1,2,6,0
38,Kangaroo,Long,Left,1,PFT,0,0.6308903,0,0.9383736,0,1.4467594,m,20,60,43,1,2,6,0
38,Lamb,Short,Right,1,PFT,1,1.4687607,1,1.271133,1,1.6903576,m,20,60,43,1,2,6,0
38,Lion,Long,Right,1,PFT,1,3.4147142,1,1.5887783,1,1.8138718,m,20,60,43,1,2,6,0
38,Monkey,Long,Left,1,PFT,1,0.6185135,1,1.1191714,1,0.9642984,m,20,60,43,1,2,6,0
38,Panda,Short,Left,1,PFT,1,0.6752698,1,1.6142902,1,0.9911325,m,20,60,43,1,2,6,0
38,Pig,Short,Right,1,PFT,1,2.2637931,1,0.6294834,1,0.6959459,m,20,60,43,1,2,6,0
38,Rhino,Short,Left,1,PFT,1,1.2105106,1,0.5485727,1,2.1233156,m,20,60,43,1,2,6,0
38,Sheep,Short,Right,1,PFT,1,2.1507749,1,4.2370246,1,1.7044797,m,20,60,43,1,2,6,0
38,Tiger,Long,Right,1,PFT,1,1.4551123,0,0.5564563,0,1.2742345,m,20,60,43,1,2,6,0
38,Wolf,Long,Right,1,PFT,0,1.7838791,0,0.5567837,0,1.0520059,m,20,60,43,1,2,6,0
39,Chameleon,Long,Right,1,PFT,1,1.3903135,1,1.2173786,1,3.865674,f,19,55,39,1,2,2,0
39,Deer,Short,Left,1,PFT,1,1.8718913,1,1.0979755,1,2.4047746,f,19,55,39,1,2,2,0
39,Elephant,Short,Right,1,PFT,1,1.2248372,1,3.348632,1,2.4113591,f,19,55,39,1,2,2,0
39,Gazelle,Short,Right,1,PFT,1,1.6805206,1,2.0074849,1,1.9413787,f,19,55,39,1,2,2,0
39,Goat,Short,Left,1,PFT,1,2.9363104,1,2.5151732,1,2.6836472,f,19,55,39,1,2,2,0
39,Hippo,Short,Left,1,PFT,1,2.0305919,1,1.0896806,1,2.7513095,f,19,55,39,1,2,2,0
39,Horse,Long,Right,1,PFT,1,1.5163649,1,1.0536137,1,2.6515887,f,19,55,39,1,2,2,0
39,Jaguar,Long,Left,1,PFT,1,2.5499733,1,2.6319052,1,2.097874,f,19,55,39,1,2,2,0
39,Lion,Long,Right,1,PFT,1,2.7290774,1,1.5220186,1,2.3673144,f,19,55,39,1,2,2,0
39,Mole,Short,Right,1,PFT,1,2.1715488,1,2.9394287,1,3.7465281,f,19,55,39,1,2,2,0
39,Monkey,Long,Left,1,PFT,1,0.9563565,1,2.0983118,1,1.9527811,f,19,55,39,1,2,2,0
39,Panda,Short,Left,1,PFT,1,1.8626607,1,1.5689442,1,1.4155529,f,19,55,39,1,2,2,0
39,Rhino,Short,Left,1,PFT,1,1.9748327,1,2.2944239,1,1.5620018,f,19,55,39,1,2,2,0
39,Tiger,Long,Right,1,PFT,1,3.6221215,1,1.2731169,1,2.3528942,f,19,55,39,1,2,2,0
40,Bear,Short,Left,1,PFT,1,1.4097899,1,1.0931594,1,2.5608307,f,21,51,41,1,3,3,0
40,Camel,Short,Right,1,PFT,1,2.8017853,1,4.0738307,1,4.0005071,f,21,51,41,1,3,3,0
40,Chameleon,Long,Right,1,PFT,1,0.9515659,1,0.9297612,1,1.4147972,f,21,51,41,1,3,3,0
40,Crow,Long,Left,1,PFT,1,1.4804481,1,1.986853,1,2.1209151,f,21,51,41,1,3,3,0
40,Deer,Short,Left,1,PFT,1,1.4852155,1,1.0945635,1,2.136453,f,21,51,41,1,3,3,0
40,Elephant,Short,Right,1,PFT,1,3.070628,1,0.8789017,1,0.7957653,f,21,51,41,1,3,3,0
40,Fox,Long,Right,1,PFT,1,2.882546,1,0.7931133,1,1.049867,f,21,51,41,1,3,3,0
40,Gazelle,Short,Right,1,PFT,1,1.7667843,1,3.0446951,1,2.8464331,f,21,51,41,1,3,3,0
40,Hippo,Short,Left,1,PFT,1,2.6068965,1,0.8147572,1,1.6699491,f,21,51,41,1,3,3,0
40,Jaguar,Long,Left,1,PFT,1,1.3838199,1,1.0073965,1,1.117606,f,21,51,41,1,3,3,0
40,Kangaroo,Long,Left,1,PFT,1,1.0828681,0,2.6956645,1,2.0917532,f,21,51,41,1,3,3,0
40,Lamb,Short,Right,1,PFT,1,2.3940544,1,1.7788927,1,1.75454,f,21,51,41,1,3,3,0
40,Mole,Short,Right,1,PFT,1,3.954594,1,1.6060754,1,2.3729369,f,21,51,41,1,3,3,0
40,Monkey,Long,Left,1,PFT,1,1.5301044,1,0.9577874,1,1.6920622,f,21,51,41,1,3,3,0
40,Panda,Short,Left,1,PFT,1,1.0675782,1,1.1112126,1,1.4979596,f,21,51,41,1,3,3,0
40,Pig,Short,Right,1,PFT,1,3.666625,1,1.909413,1,1.4636148,f,21,51,41,1,3,3,0
40,Rhino,Short,Left,1,PFT,1,4.5985112,1,1.738227,1,0.7954557,f,21,51,41,1,3,3,0
40,Sheep,Short,Right,1,PFT,1,1.4963935,1,2.1591393,0,2.6566814,f,21,51,41,1,3,3,0
40,Tiger,Long,Right,1,PFT,1,2.6235543,1,0.8509354,1,0.9878,f,21,51,41,1,3,3,0
40,Wolf,Long,Right,1,PFT,1,0.933799,1,1.2988133,1,1.8759572,f,21,51,41,1,3,3,0
